Workbook

Sheet MAIN DATA 
A1: Sector | B1: Year | C1: Month | D1: Cereals and products | E1: Meat and fish | F1: Egg | G1: Milk and products | H1: Oils and fats | I1: Fruits | J1: Vegetables | K1: Pulses and products | L1: Sugar and Confectionery | M1: Spices | N1: Non-alcoholic beverages | O1: Prepared meals, snacks, sweets etc. | P1: Food and beverages | Q1: Pan, tobacco and intoxicants | R1: Clothing | S1: Footwear | T1: Clothing and footwear | U1: Housing | V1: Fuel and light | W1: Household goods and services | X1: Health | Y1: Transport and communication | Z1: Recreation and amusement | AA1: Education | AB1: Personal care and effects | AC1: Miscellaneous | AD1: General index | AG1: FOOD & NON-ALCHOLIC BEVERAGES | AH1: ALCOHOL,TOBACCO & INTOXICANTS | AI1: CLOTHING AND FOOTWEAR | AJ1: HOUSING,FUEL AND UTILITIES | AK1: HEALTHCARE AND EDUCATION | AL1: TRANSPORT & COMMUNICATION | AM1: RECREATION AND CULTURE | AN1: MISCELLANEOUS
A2: Rural | B2: 2013 | C2: January | D2: 107.5 | E2: 106.3 | F2: 108.1 | G2: 104.9 | H2: 106.1 | I2: 103.9 | J2: 101.9 | K2: 106.1 | L2: 106.8 | M2: 103.1 | N2: 104.8 | O2: 106.7 | P2: 105.5 | Q2: 105.1 | R2: 106.5 | S2: 105.8 | T2: 106.4 | U2: NA | V2: 105.5 | W2: 104.8 | X2: 104 | Y2: 103.3 | Z2: 103.4 | AA2: 103.8 | AB2: 104.7 | AC2: 104 | AD2: 105.1 | AG2: =SUM(D2:P2) -> 1371.7 | AH2: =SUM(Q2) -> 105.1 | AI2: =SUM(R2:T2) -> 318.7 | AJ2: =SUM(U2:W2) -> 210.3 | AK2: =SUM(X2,AA2,AB2) -> 312.5 | AL2: =SUM(Y2) -> 103.3 | AM2: =SUM(Z2) -> 103.4 | AN2: =SUM(AC2) -> 104
A3: Urban | B3: 2013 | C3: January | D3: 110.5 | E3: 109.1 | F3: 113 | G3: 103.6 | H3: 103.4 | I3: 102.3 | J3: 102.9 | K3: 105.8 | L3: 105.1 | M3: 101.8 | N3: 105.1 | O3: 107.9 | P3: 105.9 | Q3: 105.2 | R3: 105.9 | S3: 105 | T3: 105.8 | U3: 100.3 | V3: 105.4 | W3: 104.8 | X3: 104.1 | Y3: 103.2 | Z3: 102.9 | AA3: 103.5 | AB3: 104.3 | AC3: 103.7 | AD3: 104 | AG3: =SUM(D3:P3) -> 1376.4 | AH3: =SUM(Q3) -> 105.2 | AI3: =SUM(R3:T3) -> 316.7 | AJ3: =SUM(U3:W3) -> 310.5 | AK3: =SUM(X3,AA3,AB3) -> 311.9 | AL3: =SUM(Y3) -> 103.2 | AM3: =SUM(Z3) -> 102.9 | AN3: =SUM(AC3) -> 103.7
A4: Rural+Urban | B4: 2013 | C4: January | D4: 108.4 | E4: 107.3 | F4: 110 | G4: 104.4 | H4: 105.1 | I4: 103.2 | J4: 102.2 | K4: 106 | L4: 106.2 | M4: 102.7 | N4: 104.9 | O4: 107.3 | P4: 105.6 | Q4: 105.1 | R4: 106.3 | S4: 105.5 | T4: 106.2 | U4: 100.3 | V4: 105.5 | W4: 104.8 | X4: 104 | Y4: 103.2 | Z4: 103.1 | AA4: 103.6 | AB4: 104.5 | AC4: 103.9 | AD4: 104.6 | AG4: =SUM(D4:P4) -> 1373.3 | AH4: =SUM(Q4) -> 105.1 | AI4: =SUM(R4:T4) -> 318 | AJ4: =SUM(U4:W4) -> 310.6 | AK4: =SUM(X4,AA4,AB4) -> 312.1 | AL4: =SUM(Y4) -> 103.2 | AM4: =SUM(Z4) -> 103.1 | AN4: =SUM(AC4) -> 103.9
A5: Rural | B5: 2013 | C5: February | D5: 109.2 | E5: 108.7 | F5: 110.2 | G5: 105.4 | H5: 106.7 | I5: 104 | J5: 102.4 | K5: 105.9 | L5: 105.7 | M5: 103.1 | N5: 105.1 | O5: 107.7 | P5: 106.3 | Q5: 105.6 | R5: 107.1 | S5: 106.3 | T5: 107 | U5: NA | V5: 106.2 | W5: 105.2 | X5: 104.4 | Y5: 103.9 | Z5: 104 | AA5: 104.1 | AB5: 104.6 | AC5: 104.4 | AD5: 105.8 | AG5: =SUM(D5:P5) -> 1380.4 | AH5: =SUM(Q5) -> 105.6 | AI5: =SUM(R5:T5) -> 320.4 | AJ5: =SUM(U5:W5) -> 211.4 | AK5: =SUM(X5,AA5,AB5) -> 313.1 | AL5: =SUM(Y5) -> 103.9 | AM5: =SUM(Z5) -> 104 | AN5: =SUM(AC5) -> 104.4
A6: Urban | B6: 2013 | C6: February | D6: 112.9 | E6: 112.9 | F6: 116.9 | G6: 104 | H6: 103.5 | I6: 103.1 | J6: 104.9 | K6: 104.1 | L6: 103.8 | M6: 102.3 | N6: 106 | O6: 109 | P6: 107.2 | Q6: 106 | R6: 106.6 | S6: 105.5 | T6: 106.4 | U6: 100.4 | V6: 105.7 | W6: 105.2 | X6: 104.7 | Y6: 104.4 | Z6: 103.3 | AA6: 103.7 | AB6: 104.3 | AC6: 104.3 | AD6: 104.7 | AG6: =SUM(D6:P6) -> 1390.6 | AH6: =SUM(Q6) -> 106 | AI6: =SUM(R6:T6) -> 318.5 | AJ6: =SUM(U6:W6) -> 311.3 | AK6: =SUM(X6,AA6,AB6) -> 312.7 | AL6: =SUM(Y6) -> 104.4 | AM6: =SUM(Z6) -> 103.3 | AN6: =SUM(AC6) -> 104.3
A7: Rural+Urban | B7: 2013 | C7: February | D7: 110.4 | E7: 110.2 | F7: 112.8 | G7: 104.9 | H7: 105.5 | I7: 103.6 | J7: 103.2 | K7: 105.3 | L7: 105.1 | M7: 102.8 | N7: 105.5 | O7: 108.3 | P7: 106.6 | Q7: 105.7 | R7: 106.9 | S7: 106 | T7: 106.8 | U7: 100.4 | V7: 106 | W7: 105.2 | X7: 104.5 | Y7: 104.2 | Z7: 103.6 | AA7: 103.9 | AB7: 104.5 | AC7: 104.4 | AD7: 105.3 | AG7: =SUM(D7:P7) -> 1384.2 | AH7: =SUM(Q7) -> 105.7 | AI7: =SUM(R7:T7) -> 319.7 | AJ7: =SUM(U7:W7) -> 311.6 | AK7: =SUM(X7,AA7,AB7) -> 312.9 | AL7: =SUM(Y7) -> 104.2 | AM7: =SUM(Z7) -> 103.6 | AN7: =SUM(AC7) -> 104.4
A8: Rural | B8: 2013 | C8: March | D8: 110.2 | E8: 108.8 | F8: 109.9 | G8: 105.6 | H8: 106.2 | I8: 105.7 | J8: 101.4 | K8: 105.7 | L8: 105 | M8: 103.3 | N8: 105.6 | O8: 108.2 | P8: 106.6 | Q8: 106.5 | R8: 107.6 | S8: 106.8 | T8: 107.5 | U8: NA | V8: 106.1 | W8: 105.6 | X8: 104.7 | Y8: 104.6 | Z8: 104 | AA8: 104.3 | AB8: 104.3 | AC8: 104.6 | AD8: 106 | AG8: =SUM(D8:P8) -> 1382.2 | AH8: =SUM(Q8) -> 106.5 | AI8: =SUM(R8:T8) -> 321.9 | AJ8: =SUM(U8:W8) -> 211.7 | AK8: =SUM(X8,AA8,AB8) -> 313.3 | AL8: =SUM(Y8) -> 104.6 | AM8: =SUM(Z8) -> 104 | AN8: =SUM(AC8) -> 104.6
A9: Urban | B9: 2013 | C9: March | D9: 113.9 | E9: 111.4 | F9: 113.2 | G9: 104.3 | H9: 102.7 | I9: 104.9 | J9: 103.8 | K9: 103.5 | L9: 102.6 | M9: 102.4 | N9: 107 | O9: 109.8 | P9: 107.3 | Q9: 106.8 | R9: 107.2 | S9: 106 | T9: 107 | U9: 100.4 | V9: 106 | W9: 105.7 | X9: 105.2 | Y9: 105.5 | Z9: 103.5 | AA9: 103.8 | AB9: 104.2 | AC9: 104.9 | AD9: 105 | AG9: =SUM(D9:P9) -> 1386.8 | AH9: =SUM(Q9) -> 106.8 | AI9: =SUM(R9:T9) -> 320.2 | AJ9: =SUM(U9:W9) -> 312.1 | AK9: =SUM(X9,AA9,AB9) -> 313.2 | AL9: =SUM(Y9) -> 105.5 | AM9: =SUM(Z9) -> 103.5 | AN9: =SUM(AC9) -> 104.9
A10: Rural+Urban | B10: 2013 | C10: March | D10: 111.4 | E10: 109.7 | F10: 111.2 | G10: 105.1 | H10: 104.9 | I10: 105.3 | J10: 102.2 | K10: 105 | L10: 104.2 | M10: 103 | N10: 106.2 | O10: 108.9 | P10: 106.9 | Q10: 106.6 | R10: 107.4 | S10: 106.5 | T10: 107.3 | U10: 100.4 | V10: 106.1 | W10: 105.6 | X10: 104.9 | Y10: 105.1 | Z10: 103.7 | AA10: 104 | AB10: 104.3 | AC10: 104.7 | AD10: 105.5 | AG10: =SUM(D10:P10) -> 1384 | AH10: =SUM(Q10) -> 106.6 | AI10: =SUM(R10:T10) -> 321.2 | AJ10: =SUM(U10:W10) -> 312.1 | AK10: =SUM(X10,AA10,AB10) -> 313.2 | AL10: =SUM(Y10) -> 105.1 | AM10: =SUM(Z10) -> 103.7 | AN10: =SUM(AC10) -> 104.7
A11: Rural | B11: 2013 | C11: April | D11: 110.2 | E11: 109.5 | F11: 106.9 | G11: 106.3 | H11: 105.7 | I11: 108.3 | J11: 103.4 | K11: 105.7 | L11: 104.2 | M11: 103.2 | N11: 106.5 | O11: 108.8 | P11: 107.1 | Q11: 107.1 | R11: 108.1 | S11: 107.4 | T11: 108 | U11: NA | V11: 106.5 | W11: 106.1 | X11: 105.1 | Y11: 104.4 | Z11: 104.5 | AA11: 104.8 | AB11: 102.7 | AC11: 104.6 | AD11: 106.4 | AG11: =SUM(D11:P11) -> 1385.8 | AH11: =SUM(Q11) -> 107.1 | AI11: =SUM(R11:T11) -> 323.5 | AJ11: =SUM(U11:W11) -> 212.6 | AK11: =SUM(X11,AA11,AB11) -> 312.6 | AL11: =SUM(Y11) -> 104.4 | AM11: =SUM(Z11) -> 104.5 | AN11: =SUM(AC11) -> 104.6
A12: Urban | B12: 2013 | C12: April | D12: 114.6 | E12: 113.4 | F12: 106 | G12: 104.7 | H12: 102.1 | I12: 109.5 | J12: 109.7 | K12: 104.6 | L12: 102 | M12: 103.5 | N12: 108.2 | O12: 110.6 | P12: 108.8 | Q12: 108.5 | R12: 107.9 | S12: 106.4 | T12: 107.7 | U12: 100.5 | V12: 106.4 | W12: 106.5 | X12: 105.7 | Y12: 105 | Z12: 104 | AA12: 105.2 | AB12: 103.2 | AC12: 105.1 | AD12: 105.7 | AG12: =SUM(D12:P12) -> 1397.7 | AH12: =SUM(Q12) -> 108.5 | AI12: =SUM(R12:T12) -> 322 | AJ12: =SUM(U12:W12) -> 313.4 | AK12: =SUM(X12,AA12,AB12) -> 314.1 | AL12: =SUM(Y12) -> 105 | AM12: =SUM(Z12) -> 104 | AN12: =SUM(AC12) -> 105.1
A13: Rural+Urban | B13: 2013 | C13: April | D13: 111.6 | E13: 110.9 | F13: 106.6 | G13: 105.7 | H13: 104.4 | I13: 108.9 | J13: 105.5 | K13: 105.3 | L13: 103.5 | M13: 103.3 | N13: 107.2 | O13: 109.6 | P13: 107.7 | Q13: 107.5 | R13: 108 | S13: 107 | T13: 107.9 | U13: 100.5 | V13: 106.5 | W13: 106.3 | X13: 105.3 | Y13: 104.7 | Z13: 104.2 | AA13: 105 | AB13: 102.9 | AC13: 104.8 | AD13: 106.1 | AG13: =SUM(D13:P13) -> 1390.2 | AH13: =SUM(Q13) -> 107.5 | AI13: =SUM(R13:T13) -> 322.9 | AJ13: =SUM(U13:W13) -> 313.3 | AK13: =SUM(X13,AA13,AB13) -> 313.2 | AL13: =SUM(Y13) -> 104.7 | AM13: =SUM(Z13) -> 104.2 | AN13: =SUM(AC13) -> 104.8
A14: Rural | B14: 2013 | C14: May | D14: 110.9 | E14: 109.8 | F14: 105.9 | G14: 107.5 | H14: 105.3 | I14: 108.1 | J14: 107.3 | K14: 106.1 | L14: 103.7 | M14: 104 | N14: 107.4 | O14: 109.9 | P14: 108.1 | Q14: 108.1 | R14: 108.8 | S14: 107.9 | T14: 108.6 | U14: NA | V14: 107.5 | W14: 106.8 | X14: 105.7 | Y14: 104.1 | Z14: 105 | AA14: 105.5 | AB14: 102.1 | AC14: 104.8 | AD14: 107.2 | AG14: =SUM(D14:P14) -> 1394 | AH14: =SUM(Q14) -> 108.1 | AI14: =SUM(R14:T14) -> 325.3 | AJ14: =SUM(U14:W14) -> 214.3 | AK14: =SUM(X14,AA14,AB14) -> 313.3 | AL14: =SUM(Y14) -> 104.1 | AM14: =SUM(Z14) -> 105 | AN14: =SUM(AC14) -> 104.8
A15: Urban | B15: 2013 | C15: May | D15: 115.4 | E15: 114.2 | F15: 102.7 | G15: 105.5 | H15: 101.5 | I15: 110.6 | J15: 123.7 | K15: 105.2 | L15: 101.9 | M15: 105 | N15: 109.1 | O15: 111.3 | P15: 111.1 | Q15: 109.8 | R15: 108.5 | S15: 106.7 | T15: 108.3 | U15: 100.5 | V15: 107.2 | W15: 107.1 | X15: 106.2 | Y15: 103.9 | Z15: 104.6 | AA15: 105.7 | AB15: 102.6 | AC15: 104.9 | AD15: 106.6 | AG15: =SUM(D15:P15) -> 1417.2 | AH15: =SUM(Q15) -> 109.8 | AI15: =SUM(R15:T15) -> 323.5 | AJ15: =SUM(U15:W15) -> 314.8 | AK15: =SUM(X15,AA15,AB15) -> 314.5 | AL15: =SUM(Y15) -> 103.9 | AM15: =SUM(Z15) -> 104.6 | AN15: =SUM(AC15) -> 104.9
A16: Rural+Urban | B16: 2013 | C16: May | D16: 112.3 | E16: 111.3 | F16: 104.7 | G16: 106.8 | H16: 103.9 | I16: 109.3 | J16: 112.9 | K16: 105.8 | L16: 103.1 | M16: 104.3 | N16: 108.1 | O16: 110.5 | P16: 109.2 | Q16: 108.6 | R16: 108.7 | S16: 107.4 | T16: 108.5 | U16: 100.5 | V16: 107.4 | W16: 106.9 | X16: 105.9 | Y16: 104 | Z16: 104.8 | AA16: 105.6 | AB16: 102.3 | AC16: 104.8 | AD16: 106.9 | AG16: =SUM(D16:P16) -> 1402.2 | AH16: =SUM(Q16) -> 108.6 | AI16: =SUM(R16:T16) -> 324.6 | AJ16: =SUM(U16:W16) -> 314.8 | AK16: =SUM(X16,AA16,AB16) -> 313.8 | AL16: =SUM(Y16) -> 104 | AM16: =SUM(Z16) -> 104.8 | AN16: =SUM(AC16) -> 104.8
A17: Rural | B17: 2013 | C17: June | D17: 112.3 | E17: 112.1 | F17: 108.1 | G17: 108.3 | H17: 105.9 | I17: 109.2 | J17: 118 | K17: 106.8 | L17: 104.1 | M17: 105.4 | N17: 108.2 | O17: 111 | P17: 110.6 | Q17: 109 | R17: 109.7 | S17: 108.8 | T17: 109.5 | U17: NA | V17: 108.5 | W17: 107.5 | X17: 106.3 | Y17: 105 | Z17: 105.6 | AA17: 106.5 | AB17: 102.5 | AC17: 105.5 | AD17: 108.9 | AG17: =SUM(D17:P17) -> 1420 | AH17: =SUM(Q17) -> 109 | AI17: =SUM(R17:T17) -> 328 | AJ17: =SUM(U17:W17) -> 216 | AK17: =SUM(X17,AA17,AB17) -> 315.3 | AL17: =SUM(Y17) -> 105 | AM17: =SUM(Z17) -> 105.6 | AN17: =SUM(AC17) -> 105.5
A18: Urban | B18: 2013 | C18: June | D18: 117 | E18: 120.1 | F18: 112.5 | G18: 107.3 | H18: 101.3 | I18: 112.4 | J18: 143.6 | K18: 105.4 | L18: 101.4 | M18: 106.4 | N18: 110 | O18: 112.2 | P18: 115 | Q18: 110.9 | R18: 109.2 | S18: 107.2 | T18: 108.9 | U18: 106.6 | V18: 108 | W18: 107.7 | X18: 106.5 | Y18: 105.2 | Z18: 105.2 | AA18: 108.1 | AB18: 103.3 | AC18: 106.1 | AD18: 109.7 | AG18: =SUM(D18:P18) -> 1464.6 | AH18: =SUM(Q18) -> 110.9 | AI18: =SUM(R18:T18) -> 325.3 | AJ18: =SUM(U18:W18) -> 322.3 | AK18: =SUM(X18,AA18,AB18) -> 317.9 | AL18: =SUM(Y18) -> 105.2 | AM18: =SUM(Z18) -> 105.2 | AN18: =SUM(AC18) -> 106.1
A19: Rural+Urban | B19: 2013 | C19: June | D19: 113.8 | E19: 114.9 | F19: 109.8 | G19: 107.9 | H19: 104.2 | I19: 110.7 | J19: 126.7 | K19: 106.3 | L19: 103.2 | M19: 105.7 | N19: 109 | O19: 111.6 | P19: 112.2 | Q19: 109.5 | R19: 109.5 | S19: 108.1 | T19: 109.3 | U19: 106.6 | V19: 108.3 | W19: 107.6 | X19: 106.4 | Y19: 105.1 | Z19: 105.4 | AA19: 107.4 | AB19: 102.8 | AC19: 105.8 | AD19: 109.3 | AG19: =SUM(D19:P19) -> 1436 | AH19: =SUM(Q19) -> 109.5 | AI19: =SUM(R19:T19) -> 326.9 | AJ19: =SUM(U19:W19) -> 322.5 | AK19: =SUM(X19,AA19,AB19) -> 316.6 | AL19: =SUM(Y19) -> 105.1 | AM19: =SUM(Z19) -> 105.4 | AN19: =SUM(AC19) -> 105.8
A20: Rural | B20: 2013 | C20: July | D20: 113.4 | E20: 114.9 | F20: 110.5 | G20: 109.3 | H20: 106.2 | I20: 110.3 | J20: 129.2 | K20: 107.1 | L20: 104.3 | M20: 106.4 | N20: 109.1 | O20: 112.1 | P20: 113.1 | Q20: 109.8 | R20: 110.5 | S20: 109.5 | T20: 110.3 | U20: NA | V20: 109.5 | W20: 108.3 | X20: 106.9 | Y20: 106.8 | Z20: 106.4 | AA20: 107.8 | AB20: 102.5 | AC20: 106.5 | AD20: 110.7 | AG20: =SUM(D20:P20) -> 1445.9 | AH20: =SUM(Q20) -> 109.8 | AI20: =SUM(R20:T20) -> 330.3 | AJ20: =SUM(U20:W20) -> 217.8 | AK20: =SUM(X20,AA20,AB20) -> 317.2 | AL20: =SUM(Y20) -> 106.8 | AM20: =SUM(Z20) -> 106.4 | AN20: =SUM(AC20) -> 106.5
A21: Urban | B21: 2013 | C21: July | D21: 117.8 | E21: 119.2 | F21: 114 | G21: 108.3 | H21: 101.1 | I21: 113.2 | J21: 160.9 | K21: 105.1 | L21: 101.3 | M21: 107.5 | N21: 110.4 | O21: 113.1 | P21: 117.5 | Q21: 111.7 | R21: 109.8 | S21: 107.8 | T21: 109.5 | U21: 107.7 | V21: 108.6 | W21: 108.1 | X21: 107.1 | Y21: 107.3 | Z21: 105.9 | AA21: 110.1 | AB21: 103.2 | AC21: 107.3 | AD21: 111.4 | AG21: =SUM(D21:P21) -> 1489.4 | AH21: =SUM(Q21) -> 111.7 | AI21: =SUM(R21:T21) -> 327.1 | AJ21: =SUM(U21:W21) -> 324.4 | AK21: =SUM(X21,AA21,AB21) -> 320.4 | AL21: =SUM(Y21) -> 107.3 | AM21: =SUM(Z21) -> 105.9 | AN21: =SUM(AC21) -> 107.3
A22: Rural+Urban | B22: 2013 | C22: July | D22: 114.8 | E22: 116.4 | F22: 111.9 | G22: 108.9 | H22: 104.3 | I22: 111.7 | J22: 140 | K22: 106.4 | L22: 103.3 | M22: 106.8 | N22: 109.6 | O22: 112.6 | P22: 114.7 | Q22: 110.3 | R22: 110.2 | S22: 108.8 | T22: 110 | U22: 107.7 | V22: 109.2 | W22: 108.2 | X22: 107 | Y22: 107.1 | Z22: 106.1 | AA22: 109.1 | AB22: 102.8 | AC22: 106.9 | AD22: 111 | AG22: =SUM(D22:P22) -> 1461.4 | AH22: =SUM(Q22) -> 110.3 | AI22: =SUM(R22:T22) -> 329 | AJ22: =SUM(U22:W22) -> 325.1 | AK22: =SUM(X22,AA22,AB22) -> 318.9 | AL22: =SUM(Y22) -> 107.1 | AM22: =SUM(Z22) -> 106.1 | AN22: =SUM(AC22) -> 106.9
A23: Rural | B23: 2013 | C23: August | D23: 114.3 | E23: 115.4 | F23: 111.1 | G23: 110 | H23: 106.4 | I23: 110.8 | J23: 138.9 | K23: 107.4 | L23: 104.1 | M23: 106.9 | N23: 109.7 | O23: 112.6 | P23: 114.9 | Q23: 110.7 | R23: 111.3 | S23: 110.2 | T23: 111.1 | U23: NA | V23: 109.9 | W23: 108.7 | X23: 107.5 | Y23: 107.8 | Z23: 106.8 | AA23: 108.7 | AB23: 105 | AC23: 107.5 | AD23: 112.1 | AG23: =SUM(D23:P23) -> 1462.5 | AH23: =SUM(Q23) -> 110.7 | AI23: =SUM(R23:T23) -> 332.6 | AJ23: =SUM(U23:W23) -> 218.6 | AK23: =SUM(X23,AA23,AB23) -> 321.2 | AL23: =SUM(Y23) -> 107.8 | AM23: =SUM(Z23) -> 106.8 | AN23: =SUM(AC23) -> 107.5
A24: Urban | B24: 2013 | C24: August | D24: 118.3 | E24: 120.4 | F24: 112.7 | G24: 108.9 | H24: 101.1 | I24: 108.7 | J24: 177 | K24: 104.7 | L24: 101 | M24: 108.5 | N24: 110.9 | O24: 114.3 | P24: 119.6 | Q24: 112.4 | R24: 110.6 | S24: 108.3 | T24: 110.2 | U24: 108.9 | V24: 109.3 | W24: 108.7 | X24: 107.6 | Y24: 108.1 | Z24: 106.5 | AA24: 110.8 | AB24: 106 | AC24: 108.3 | AD24: 112.7 | AG24: =SUM(D24:P24) -> 1506.1 | AH24: =SUM(Q24) -> 112.4 | AI24: =SUM(R24:T24) -> 329.1 | AJ24: =SUM(U24:W24) -> 326.9 | AK24: =SUM(X24,AA24,AB24) -> 324.4 | AL24: =SUM(Y24) -> 108.1 | AM24: =SUM(Z24) -> 106.5 | AN24: =SUM(AC24) -> 108.3
A25: Rural+Urban | B25: 2013 | C25: August | D25: 115.6 | E25: 117.2 | F25: 111.7 | G25: 109.6 | H25: 104.5 | I25: 109.8 | J25: 151.8 | K25: 106.5 | L25: 103.1 | M25: 107.4 | N25: 110.2 | O25: 113.4 | P25: 116.6 | Q25: 111.2 | R25: 111 | S25: 109.4 | T25: 110.7 | U25: 108.9 | V25: 109.7 | W25: 108.7 | X25: 107.5 | Y25: 108 | Z25: 106.6 | AA25: 109.9 | AB25: 105.4 | AC25: 107.9 | AD25: 112.4 | AG25: =SUM(D25:P25) -> 1477.4 | AH25: =SUM(Q25) -> 111.2 | AI25: =SUM(R25:T25) -> 331.1 | AJ25: =SUM(U25:W25) -> 327.3 | AK25: =SUM(X25,AA25,AB25) -> 322.8 | AL25: =SUM(Y25) -> 108 | AM25: =SUM(Z25) -> 106.6 | AN25: =SUM(AC25) -> 107.9
A26: Rural | B26: 2013 | C26: September | D26: 115.4 | E26: 115.7 | F26: 111.7 | G26: 111 | H26: 107.4 | I26: 110.9 | J26: 154 | K26: 108.1 | L26: 104.2 | M26: 107.9 | N26: 110.4 | O26: 114 | P26: 117.8 | Q26: 111.7 | R26: 112.7 | S26: 111.4 | T26: 112.5 | U26: NA | V26: 111.1 | W26: 109.6 | X26: 108.3 | Y26: 109.3 | Z26: 107.7 | AA26: 109.8 | AB26: 106.7 | AC26: 108.7 | AD26: 114.2 | AG26: =SUM(D26:P26) -> 1488.5 | AH26: =SUM(Q26) -> 111.7 | AI26: =SUM(R26:T26) -> 336.6 | AJ26: =SUM(U26:W26) -> 220.7 | AK26: =SUM(X26,AA26,AB26) -> 324.8 | AL26: =SUM(Y26) -> 109.3 | AM26: =SUM(Z26) -> 107.7 | AN26: =SUM(AC26) -> 108.7
A27: Urban | B27: 2013 | C27: September | D27: 118.6 | E27: 119.1 | F27: 113.2 | G27: 109.6 | H27: 101.7 | I27: 103.2 | J27: 174.3 | K27: 105.1 | L27: 100.8 | M27: 109.1 | N27: 111.1 | O27: 115.4 | P27: 119.2 | Q27: 112.9 | R27: 111.4 | S27: 109 | T27: 111.1 | U27: 109.7 | V27: 109.5 | W27: 109.6 | X27: 107.9 | Y27: 110.4 | Z27: 107.4 | AA27: 111.2 | AB27: 106.9 | AC27: 109.4 | AD27: 113.2 | AG27: =SUM(D27:P27) -> 1500.4 | AH27: =SUM(Q27) -> 112.9 | AI27: =SUM(R27:T27) -> 331.5 | AJ27: =SUM(U27:W27) -> 328.8 | AK27: =SUM(X27,AA27,AB27) -> 326 | AL27: =SUM(Y27) -> 110.4 | AM27: =SUM(Z27) -> 107.4 | AN27: =SUM(AC27) -> 109.4
A28: Rural+Urban | B28: 2013 | C28: September | D28: 116.4 | E28: 116.9 | F28: 112.3 | G28: 110.5 | H28: 105.3 | I28: 107.3 | J28: 160.9 | K28: 107.1 | L28: 103.1 | M28: 108.3 | N28: 110.7 | O28: 114.6 | P28: 118.3 | Q28: 112 | R28: 112.2 | S28: 110.4 | T28: 111.9 | U28: 109.7 | V28: 110.5 | W28: 109.6 | X28: 108.1 | Y28: 109.9 | Z28: 107.5 | AA28: 110.6 | AB28: 106.8 | AC28: 109 | AD28: 113.7 | AG28: =SUM(D28:P28) -> 1491.7 | AH28: =SUM(Q28) -> 112 | AI28: =SUM(R28:T28) -> 334.5 | AJ28: =SUM(U28:W28) -> 329.8 | AK28: =SUM(X28,AA28,AB28) -> 325.5 | AL28: =SUM(Y28) -> 109.9 | AM28: =SUM(Z28) -> 107.5 | AN28: =SUM(AC28) -> 109
A29: Rural | B29: 2013 | C29: October | D29: 116.3 | E29: 115.4 | F29: 112.6 | G29: 111.7 | H29: 107.7 | I29: 113.2 | J29: 164.9 | K29: 108.3 | L29: 103.9 | M29: 108.2 | N29: 111.1 | O29: 114.9 | P29: 119.8 | Q29: 112.2 | R29: 113.6 | S29: 112.3 | T29: 113.4 | U29: NA | V29: 111.6 | W29: 110.4 | X29: 108.9 | Y29: 109.3 | Z29: 108.3 | AA29: 110.2 | AB29: 107.5 | AC29: 109.1 | AD29: 115.5 | AG29: =SUM(D29:P29) -> 1508 | AH29: =SUM(Q29) -> 112.2 | AI29: =SUM(R29:T29) -> 339.3 | AJ29: =SUM(U29:W29) -> 222 | AK29: =SUM(X29,AA29,AB29) -> 326.6 | AL29: =SUM(Y29) -> 109.3 | AM29: =SUM(Z29) -> 108.3 | AN29: =SUM(AC29) -> 109.1
A30: Urban | B30: 2013 | C30: October | D30: 118.9 | E30: 118.1 | F30: 114.5 | G30: 110.4 | H30: 102.3 | I30: 106.2 | J30: 183.5 | K30: 105.3 | L30: 100.2 | M30: 109.6 | N30: 111.4 | O30: 116 | P30: 120.8 | Q30: 113.5 | R30: 112.5 | S30: 109.7 | T30: 112 | U30: 110.5 | V30: 109.7 | W30: 110.2 | X30: 108.2 | Y30: 109.7 | Z30: 108 | AA30: 111.3 | AB30: 107.3 | AC30: 109.4 | AD30: 114 | AG30: =SUM(D30:P30) -> 1517.2 | AH30: =SUM(Q30) -> 113.5 | AI30: =SUM(R30:T30) -> 334.2 | AJ30: =SUM(U30:W30) -> 330.4 | AK30: =SUM(X30,AA30,AB30) -> 326.8 | AL30: =SUM(Y30) -> 109.7 | AM30: =SUM(Z30) -> 108 | AN30: =SUM(AC30) -> 109.4
A31: Rural+Urban | B31: 2013 | C31: October | D31: 117.1 | E31: 116.3 | F31: 113.3 | G31: 111.2 | H31: 105.7 | I31: 109.9 | J31: 171.2 | K31: 107.3 | L31: 102.7 | M31: 108.7 | N31: 111.2 | O31: 115.4 | P31: 120.2 | Q31: 112.5 | R31: 113.2 | S31: 111.2 | T31: 112.8 | U31: 110.5 | V31: 110.9 | W31: 110.3 | X31: 108.6 | Y31: 109.5 | Z31: 108.1 | AA31: 110.8 | AB31: 107.4 | AC31: 109.2 | AD31: 114.8 | AG31: =SUM(D31:P31) -> 1510.2 | AH31: =SUM(Q31) -> 112.5 | AI31: =SUM(R31:T31) -> 337.2 | AJ31: =SUM(U31:W31) -> 331.7 | AK31: =SUM(X31,AA31,AB31) -> 326.8 | AL31: =SUM(Y31) -> 109.5 | AM31: =SUM(Z31) -> 108.1 | AN31: =SUM(AC31) -> 109.2
A32: Rural | B32: 2013 | C32: November | D32: 117.3 | E32: 114.9 | F32: 116.2 | G32: 112.8 | H32: 108.9 | I32: 116.6 | J32: 178.1 | K32: 109.1 | L32: 103.6 | M32: 109 | N32: 111.8 | O32: 116 | P32: 122.5 | Q32: 112.8 | R32: 114.6 | S32: 113.1 | T32: 114.4 | U32: NA | V32: 112.6 | W32: 111.3 | X32: 109.7 | Y32: 109.6 | Z32: 108.7 | AA32: 111 | AB32: 108.2 | AC32: 109.8 | AD32: 117.4 | AG32: =SUM(D32:P32) -> 1536.8 | AH32: =SUM(Q32) -> 112.8 | AI32: =SUM(R32:T32) -> 342.1 | AJ32: =SUM(U32:W32) -> 223.9 | AK32: =SUM(X32,AA32,AB32) -> 328.9 | AL32: =SUM(Y32) -> 109.6 | AM32: =SUM(Z32) -> 108.7 | AN32: =SUM(AC32) -> 109.8
A33: Urban | B33: 2013 | C33: November | D33: 119.8 | E33: 116.3 | F33: 122.6 | G33: 112 | H33: 103.2 | I33: 110 | J33: 192.8 | K33: 106.3 | L33: 99.5 | M33: 110.3 | N33: 111.8 | O33: 117.1 | P33: 122.9 | Q33: 114.1 | R33: 113.5 | S33: 110.3 | T33: 113 | U33: 111.1 | V33: 110 | W33: 110.9 | X33: 108.6 | Y33: 109.5 | Z33: 108.5 | AA33: 111.3 | AB33: 107.9 | AC33: 109.6 | AD33: 115 | AG33: =SUM(D33:P33) -> 1544.6 | AH33: =SUM(Q33) -> 114.1 | AI33: =SUM(R33:T33) -> 336.8 | AJ33: =SUM(U33:W33) -> 332 | AK33: =SUM(X33,AA33,AB33) -> 327.8 | AL33: =SUM(Y33) -> 109.5 | AM33: =SUM(Z33) -> 108.5 | AN33: =SUM(AC33) -> 109.6
A34: Rural+Urban | B34: 2013 | C34: November | D34: 118.1 | E34: 115.4 | F34: 118.7 | G34: 112.5 | H34: 106.8 | I34: 113.5 | J34: 183.1 | K34: 108.2 | L34: 102.2 | M34: 109.4 | N34: 111.8 | O34: 116.5 | P34: 122.6 | Q34: 113.1 | R34: 114.2 | S34: 111.9 | T34: 113.8 | U34: 111.1 | V34: 111.6 | W34: 111.1 | X34: 109.3 | Y34: 109.5 | Z34: 108.6 | AA34: 111.2 | AB34: 108.1 | AC34: 109.7 | AD34: 116.3 | AG34: =SUM(D34:P34) -> 1538.8 | AH34: =SUM(Q34) -> 113.1 | AI34: =SUM(R34:T34) -> 339.9 | AJ34: =SUM(U34:W34) -> 333.8 | AK34: =SUM(X34,AA34,AB34) -> 328.6 | AL34: =SUM(Y34) -> 109.5 | AM34: =SUM(Z34) -> 108.6 | AN34: =SUM(AC34) -> 109.7
A35: Rural | B35: 2013 | C35: December | D35: 118.4 | E35: 115.9 | F35: 120.4 | G35: 113.8 | H35: 109.5 | I35: 115.5 | J35: 145.7 | K35: 109.5 | L35: 102.9 | M35: 109.8 | N35: 112.1 | O35: 116.8 | P35: 118.7 | Q35: 113.6 | R35: 115.8 | S35: 114 | T35: 115.5 | U35: NA | V35: 112.8 | W35: 112.1 | X35: 110.1 | Y35: 109.9 | Z35: 109.2 | AA35: 111.6 | AB35: 108.1 | AC35: 110.1 | AD35: 115.5 | AG35: =SUM(D35:P35) -> 1509 | AH35: =SUM(Q35) -> 113.6 | AI35: =SUM(R35:T35) -> 345.3 | AJ35: =SUM(U35:W35) -> 224.9 | AK35: =SUM(X35,AA35,AB35) -> 329.8 | AL35: =SUM(Y35) -> 109.9 | AM35: =SUM(Z35) -> 109.2 | AN35: =SUM(AC35) -> 110.1
A36: Urban | B36: 2013 | C36: December | D36: 120.5 | E36: 118.1 | F36: 128.5 | G36: 112.8 | H36: 103.4 | I36: 110.7 | J36: 144.8 | K36: 107.1 | L36: 98.6 | M36: 111.9 | N36: 112.1 | O36: 118.1 | P36: 117.8 | Q36: 115 | R36: 114.2 | S36: 110.9 | T36: 113.7 | U36: 110.7 | V36: 110.4 | W36: 111.3 | X36: 109 | Y36: 109.7 | Z36: 108.9 | AA36: 111.4 | AB36: 107.7 | AC36: 109.8 | AD36: 113.3 | AG36: =SUM(D36:P36) -> 1504.4 | AH36: =SUM(Q36) -> 115 | AI36: =SUM(R36:T36) -> 338.8 | AJ36: =SUM(U36:W36) -> 332.4 | AK36: =SUM(X36,AA36,AB36) -> 328.1 | AL36: =SUM(Y36) -> 109.7 | AM36: =SUM(Z36) -> 108.9 | AN36: =SUM(AC36) -> 109.8
A37: Rural+Urban | B37: 2013 | C37: December | D37: 119.1 | E37: 116.7 | F37: 123.5 | G37: 113.4 | H37: 107.3 | I37: 113.3 | J37: 145.4 | K37: 108.7 | L37: 101.5 | M37: 110.5 | N37: 112.1 | O37: 117.4 | P37: 118.4 | Q37: 114 | R37: 115.2 | S37: 112.7 | T37: 114.8 | U37: 110.7 | V37: 111.9 | W37: 111.7 | X37: 109.7 | Y37: 109.8 | Z37: 109 | AA37: 111.5 | AB37: 107.9 | AC37: 110 | AD37: 114.5 | AG37: =SUM(D37:P37) -> 1507.3 | AH37: =SUM(Q37) -> 114 | AI37: =SUM(R37:T37) -> 342.7 | AJ37: =SUM(U37:W37) -> 334.3 | AK37: =SUM(X37,AA37,AB37) -> 329.1 | AL37: =SUM(Y37) -> 109.8 | AM37: =SUM(Z37) -> 109 | AN37: =SUM(AC37) -> 110
A38: Rural | B38: 2014 | C38: January | D38: 118.9 | E38: 117.1 | F38: 120.5 | G38: 114.4 | H38: 109 | I38: 115.5 | J38: 123.9 | K38: 109.6 | L38: 101.8 | M38: 110.2 | N38: 112.4 | O38: 117.3 | P38: 116 | Q38: 114 | R38: 116.5 | S38: 114.5 | T38: 116.2 | U38: NA | V38: 113 | W38: 112.6 | X38: 110.6 | Y38: 110.5 | Z38: 109.6 | AA38: 111.8 | AB38: 108.3 | AC38: 110.6 | AD38: 114.2 | AG38: =SUM(D38:P38) -> 1486.6 | AH38: =SUM(Q38) -> 114 | AI38: =SUM(R38:T38) -> 347.2 | AJ38: =SUM(U38:W38) -> 225.6 | AK38: =SUM(X38,AA38,AB38) -> 330.7 | AL38: =SUM(Y38) -> 110.5 | AM38: =SUM(Z38) -> 109.6 | AN38: =SUM(AC38) -> 110.6
A39: Urban | B39: 2014 | C39: January | D39: 121.2 | E39: 122 | F39: 129.9 | G39: 113.6 | H39: 102.9 | I39: 112.1 | J39: 118.9 | K39: 107.5 | L39: 96.9 | M39: 112.7 | N39: 112.1 | O39: 119 | P39: 115.5 | Q39: 115.7 | R39: 114.8 | S39: 111.3 | T39: 114.3 | U39: 111.6 | V39: 111 | W39: 111.9 | X39: 109.7 | Y39: 110.8 | Z39: 109.8 | AA39: 111.5 | AB39: 108 | AC39: 110.5 | AD39: 112.9 | AG39: =SUM(D39:P39) -> 1484.3 | AH39: =SUM(Q39) -> 115.7 | AI39: =SUM(R39:T39) -> 340.4 | AJ39: =SUM(U39:W39) -> 334.5 | AK39: =SUM(X39,AA39,AB39) -> 329.2 | AL39: =SUM(Y39) -> 110.8 | AM39: =SUM(Z39) -> 109.8 | AN39: =SUM(AC39) -> 110.5
A40: Rural+Urban | B40: 2014 | C40: January | D40: 119.6 | E40: 118.8 | F40: 124.1 | G40: 114.1 | H40: 106.8 | I40: 113.9 | J40: 122.2 | K40: 108.9 | L40: 100.2 | M40: 111 | N40: 112.3 | O40: 118.1 | P40: 115.8 | Q40: 114.5 | R40: 115.8 | S40: 113.2 | T40: 115.4 | U40: 111.6 | V40: 112.2 | W40: 112.3 | X40: 110.3 | Y40: 110.7 | Z40: 109.7 | AA40: 111.6 | AB40: 108.2 | AC40: 110.6 | AD40: 113.6 | AG40: =SUM(D40:P40) -> 1485.8 | AH40: =SUM(Q40) -> 114.5 | AI40: =SUM(R40:T40) -> 344.4 | AJ40: =SUM(U40:W40) -> 336.1 | AK40: =SUM(X40,AA40,AB40) -> 330.1 | AL40: =SUM(Y40) -> 110.7 | AM40: =SUM(Z40) -> 109.7 | AN40: =SUM(AC40) -> 110.6
A41: Rural | B41: 2014 | C41: February | D41: 119.4 | E41: 117.7 | F41: 121.2 | G41: 115 | H41: 109 | I41: 116.6 | J41: 116 | K41: 109.8 | L41: 101.1 | M41: 110.4 | N41: 112.9 | O41: 117.8 | P41: 115.3 | Q41: 114.2 | R41: 117.1 | S41: 114.5 | T41: 116.7 | U41: NA | V41: 113.2 | W41: 112.9 | X41: 110.9 | Y41: 110.8 | Z41: 109.9 | AA41: 112 | AB41: 108.7 | AC41: 110.9 | AD41: 114 | AG41: =SUM(D41:P41) -> 1482.2 | AH41: =SUM(Q41) -> 114.2 | AI41: =SUM(R41:T41) -> 348.3 | AJ41: =SUM(U41:W41) -> 226.1 | AK41: =SUM(X41,AA41,AB41) -> 331.6 | AL41: =SUM(Y41) -> 110.8 | AM41: =SUM(Z41) -> 109.9 | AN41: =SUM(AC41) -> 110.9
A42: Urban | B42: 2014 | C42: February | D42: 121.9 | E42: 122 | F42: 124.5 | G42: 115.2 | H42: 102.5 | I42: 114.1 | J42: 111.5 | K42: 108.2 | L42: 95.4 | M42: 113.5 | N42: 112.1 | O42: 119.9 | P42: 115.2 | Q42: 116.2 | R42: 115.3 | S42: 111.7 | T42: 114.7 | U42: 112.5 | V42: 111.1 | W42: 112.6 | X42: 110.4 | Y42: 111.3 | Z42: 110.3 | AA42: 111.6 | AB42: 108.7 | AC42: 111 | AD42: 113.1 | AG42: =SUM(D42:P42) -> 1476 | AH42: =SUM(Q42) -> 116.2 | AI42: =SUM(R42:T42) -> 341.7 | AJ42: =SUM(U42:W42) -> 336.2 | AK42: =SUM(X42,AA42,AB42) -> 330.7 | AL42: =SUM(Y42) -> 111.3 | AM42: =SUM(Z42) -> 110.3 | AN42: =SUM(AC42) -> 111
A43: Rural+Urban | B43: 2014 | C43: February | D43: 120.2 | E43: 119.2 | F43: 122.5 | G43: 115.1 | H43: 106.6 | I43: 115.4 | J43: 114.5 | K43: 109.3 | L43: 99.2 | M43: 111.4 | N43: 112.6 | O43: 118.8 | P43: 115.3 | Q43: 114.7 | R43: 116.4 | S43: 113.3 | T43: 115.9 | U43: 112.5 | V43: 112.4 | W43: 112.8 | X43: 110.7 | Y43: 111.1 | Z43: 110.1 | AA43: 111.8 | AB43: 108.7 | AC43: 110.9 | AD43: 113.6 | AG43: =SUM(D43:P43) -> 1480.1 | AH43: =SUM(Q43) -> 114.7 | AI43: =SUM(R43:T43) -> 345.6 | AJ43: =SUM(U43:W43) -> 337.7 | AK43: =SUM(X43,AA43,AB43) -> 331.2 | AL43: =SUM(Y43) -> 111.1 | AM43: =SUM(Z43) -> 110.1 | AN43: =SUM(AC43) -> 110.9
A44: Rural | B44: 2014 | C44: March | D44: 120.1 | E44: 118.1 | F44: 120.7 | G44: 116.1 | H44: 109.3 | I44: 119.6 | J44: 117.9 | K44: 110.2 | L44: 101.2 | M44: 110.7 | N44: 113 | O44: 118.3 | P44: 116.2 | Q44: 114.6 | R44: 117.5 | S44: 114.9 | T44: 117.2 | U44: NA | V44: 113.4 | W44: 113.4 | X44: 111.4 | Y44: 111.2 | Z44: 110.2 | AA44: 112.4 | AB44: 108.9 | AC44: 111.3 | AD44: 114.6 | AG44: =SUM(D44:P44) -> 1491.4 | AH44: =SUM(Q44) -> 114.6 | AI44: =SUM(R44:T44) -> 349.6 | AJ44: =SUM(U44:W44) -> 226.8 | AK44: =SUM(X44,AA44,AB44) -> 332.7 | AL44: =SUM(Y44) -> 111.2 | AM44: =SUM(Z44) -> 110.2 | AN44: =SUM(AC44) -> 111.3
A45: Urban | B45: 2014 | C45: March | D45: 122.1 | E45: 121.4 | F45: 121.5 | G45: 116.2 | H45: 102.8 | I45: 117.7 | J45: 113.3 | K45: 108.9 | L45: 96.3 | M45: 114.1 | N45: 112.2 | O45: 120.5 | P45: 116 | Q45: 116.7 | R45: 115.8 | S45: 112.1 | T45: 115.2 | U45: 113.2 | V45: 110.9 | W45: 113 | X45: 110.8 | Y45: 111.6 | Z45: 110.9 | AA45: 111.8 | AB45: 109.2 | AC45: 111.4 | AD45: 113.7 | AG45: =SUM(D45:P45) -> 1483 | AH45: =SUM(Q45) -> 116.7 | AI45: =SUM(R45:T45) -> 343.1 | AJ45: =SUM(U45:W45) -> 337.1 | AK45: =SUM(X45,AA45,AB45) -> 331.8 | AL45: =SUM(Y45) -> 111.6 | AM45: =SUM(Z45) -> 110.9 | AN45: =SUM(AC45) -> 111.4
A46: Rural+Urban | B46: 2014 | C46: Marcrh | D46: 120.7 | E46: 119.3 | F46: 121 | G46: 116.1 | H46: 106.9 | I46: 118.7 | J46: 116.3 | K46: 109.8 | L46: 99.6 | M46: 111.8 | N46: 112.7 | O46: 119.3 | P46: 116.1 | Q46: 115.2 | R46: 116.8 | S46: 113.7 | T46: 116.4 | U46: 113.2 | V46: 112.5 | W46: 113.2 | X46: 111.2 | Y46: 111.4 | Z46: 110.6 | AA46: 112 | AB46: 109 | AC46: 111.3 | AD46: 114.2 | AG46: =SUM(D46:P46) -> 1488.3 | AH46: =SUM(Q46) -> 115.2 | AI46: =SUM(R46:T46) -> 346.9 | AJ46: =SUM(U46:W46) -> 338.9 | AK46: =SUM(X46,AA46,AB46) -> 332.2 | AL46: =SUM(Y46) -> 111.4 | AM46: =SUM(Z46) -> 110.6 | AN46: =SUM(AC46) -> 111.3
A47: Rural | B47: 2014 | C47: April | D47: 120.2 | E47: 118.9 | F47: 118.1 | G47: 117 | H47: 109.7 | I47: 125.5 | J47: 120.5 | K47: 111 | L47: 102.6 | M47: 111.2 | N47: 113.5 | O47: 118.7 | P47: 117.2 | Q47: 115.4 | R47: 118.1 | S47: 116.1 | T47: 117.8 | U47: NA | V47: 113.4 | W47: 113.7 | X47: 111.8 | Y47: 111.2 | Z47: 110.5 | AA47: 113 | AB47: 108.9 | AC47: 111.5 | AD47: 115.4 | AG47: =SUM(D47:P47) -> 1504.1 | AH47: =SUM(Q47) -> 115.4 | AI47: =SUM(R47:T47) -> 352 | AJ47: =SUM(U47:W47) -> 227.1 | AK47: =SUM(X47,AA47,AB47) -> 333.7 | AL47: =SUM(Y47) -> 111.2 | AM47: =SUM(Z47) -> 110.5 | AN47: =SUM(AC47) -> 111.5
A48: Urban | B48: 2014 | C48: April | D48: 122.5 | E48: 121.7 | F48: 113.3 | G48: 117 | H48: 103.1 | I48: 126.7 | J48: 121.2 | K48: 111 | L48: 100.3 | M48: 115.3 | N48: 112.7 | O48: 121 | P48: 118.2 | Q48: 117.6 | R48: 116.3 | S48: 112.5 | T48: 115.7 | U48: 113.9 | V48: 110.9 | W48: 113.4 | X48: 111 | Y48: 111.2 | Z48: 111.2 | AA48: 112.5 | AB48: 109.1 | AC48: 111.4 | AD48: 114.7 | AG48: =SUM(D48:P48) -> 1504 | AH48: =SUM(Q48) -> 117.6 | AI48: =SUM(R48:T48) -> 344.5 | AJ48: =SUM(U48:W48) -> 338.2 | AK48: =SUM(X48,AA48,AB48) -> 332.6 | AL48: =SUM(Y48) -> 111.2 | AM48: =SUM(Z48) -> 111.2 | AN48: =SUM(AC48) -> 111.4
A49: Rural+Urban | B49: 2014 | C49: April | D49: 120.9 | E49: 119.9 | F49: 116.2 | G49: 117 | H49: 107.3 | I49: 126.1 | J49: 120.7 | K49: 111 | L49: 101.8 | M49: 112.6 | N49: 113.2 | O49: 119.8 | P49: 117.6 | Q49: 116 | R49: 117.4 | S49: 114.6 | T49: 117 | U49: 113.9 | V49: 112.5 | W49: 113.6 | X49: 111.5 | Y49: 111.2 | Z49: 110.9 | AA49: 112.7 | AB49: 109 | AC49: 111.5 | AD49: 115.1 | AG49: =SUM(D49:P49) -> 1504.1 | AH49: =SUM(Q49) -> 116 | AI49: =SUM(R49:T49) -> 349 | AJ49: =SUM(U49:W49) -> 340 | AK49: =SUM(X49,AA49,AB49) -> 333.2 | AL49: =SUM(Y49) -> 111.2 | AM49: =SUM(Z49) -> 110.9 | AN49: =SUM(AC49) -> 111.5
A50: Rural | B50: 2014 | C50: May | D50: 120.3 | E50: 120.2 | F50: 116.9 | G50: 118 | H50: 110.1 | I50: 126.3 | J50: 123.9 | K50: 111.5 | L50: 103.5 | M50: 111.6 | N50: 114.2 | O50: 119.2 | P50: 118.2 | Q50: 116.3 | R50: 118.7 | S50: 116.8 | T50: 118.5 | U50: NA | V50: 113.4 | W50: 114.1 | X50: 112.1 | Y50: 111.4 | Z50: 110.9 | AA50: 113.1 | AB50: 108.9 | AC50: 111.8 | AD50: 116 | AG50: =SUM(D50:P50) -> 1513.9 | AH50: =SUM(Q50) -> 116.3 | AI50: =SUM(R50:T50) -> 354 | AJ50: =SUM(U50:W50) -> 227.5 | AK50: =SUM(X50,AA50,AB50) -> 334.1 | AL50: =SUM(Y50) -> 111.4 | AM50: =SUM(Z50) -> 110.9 | AN50: =SUM(AC50) -> 111.8
A51: Urban | B51: 2014 | C51: May | D51: 122.7 | E51: 124.1 | F51: 114.2 | G51: 119.1 | H51: 103.5 | I51: 129.2 | J51: 127 | K51: 112.6 | L51: 101.3 | M51: 117 | N51: 112.9 | O51: 121.7 | P51: 120 | Q51: 118.3 | R51: 116.8 | S51: 112.9 | T51: 116.2 | U51: 114.3 | V51: 111.1 | W51: 114.1 | X51: 111.2 | Y51: 111.3 | Z51: 111.5 | AA51: 112.9 | AB51: 109.3 | AC51: 111.7 | AD51: 115.6 | AG51: =SUM(D51:P51) -> 1525.3 | AH51: =SUM(Q51) -> 118.3 | AI51: =SUM(R51:T51) -> 345.9 | AJ51: =SUM(U51:W51) -> 339.5 | AK51: =SUM(X51,AA51,AB51) -> 333.4 | AL51: =SUM(Y51) -> 111.3 | AM51: =SUM(Z51) -> 111.5 | AN51: =SUM(AC51) -> 111.7
A52: Rural+Urban | B52: 2014 | C52: May | D52: 121.1 | E52: 121.6 | F52: 115.9 | G52: 118.4 | H52: 107.7 | I52: 127.7 | J52: 125 | K52: 111.9 | L52: 102.8 | M52: 113.4 | N52: 113.7 | O52: 120.4 | P52: 118.9 | Q52: 116.8 | R52: 118 | S52: 115.2 | T52: 117.6 | U52: 114.3 | V52: 112.5 | W52: 114.1 | X52: 111.8 | Y52: 111.3 | Z52: 111.2 | AA52: 113 | AB52: 109.1 | AC52: 111.8 | AD52: 115.8 | AG52: =SUM(D52:P52) -> 1518.5 | AH52: =SUM(Q52) -> 116.8 | AI52: =SUM(R52:T52) -> 350.8 | AJ52: =SUM(U52:W52) -> 340.9 | AK52: =SUM(X52,AA52,AB52) -> 333.9 | AL52: =SUM(Y52) -> 111.3 | AM52: =SUM(Z52) -> 111.2 | AN52: =SUM(AC52) -> 111.8
A53: Rural | B53: 2014 | C53: June | D53: 120.7 | E53: 121.6 | F53: 116.1 | G53: 119.3 | H53: 110.3 | I53: 125.8 | J53: 129.3 | K53: 112.2 | L53: 103.6 | M53: 112.3 | N53: 114.9 | O53: 120.1 | P53: 119.5 | Q53: 117.3 | R53: 119.7 | S53: 117.3 | T53: 119.3 | U53: NA | V53: 114.4 | W53: 114.9 | X53: 112.8 | Y53: 112.2 | Z53: 111.4 | AA53: 114.3 | AB53: 108 | AC53: 112.3 | AD53: 117 | AG53: =SUM(D53:P53) -> 1525.7 | AH53: =SUM(Q53) -> 117.3 | AI53: =SUM(R53:T53) -> 356.3 | AJ53: =SUM(U53:W53) -> 229.3 | AK53: =SUM(X53,AA53,AB53) -> 335.1 | AL53: =SUM(Y53) -> 112.2 | AM53: =SUM(Z53) -> 111.4 | AN53: =SUM(AC53) -> 112.3
A54: Urban | B54: 2014 | C54: June | D54: 123.1 | E54: 125.9 | F54: 115.4 | G54: 120.4 | H54: 103.4 | I54: 131.2 | J54: 137.5 | K54: 112.8 | L54: 101.4 | M54: 118.3 | N54: 113.2 | O54: 122.4 | P54: 122 | Q54: 119 | R54: 117.4 | S54: 113.2 | T54: 116.7 | U54: 113.9 | V54: 111.2 | W54: 114.3 | X54: 111.4 | Y54: 111.5 | Z54: 111.8 | AA54: 115.1 | AB54: 108.7 | AC54: 112.2 | AD54: 116.4 | AG54: =SUM(D54:P54) -> 1547 | AH54: =SUM(Q54) -> 119 | AI54: =SUM(R54:T54) -> 347.3 | AJ54: =SUM(U54:W54) -> 339.4 | AK54: =SUM(X54,AA54,AB54) -> 335.2 | AL54: =SUM(Y54) -> 111.5 | AM54: =SUM(Z54) -> 111.8 | AN54: =SUM(AC54) -> 112.2
A55: Rural+Urban | B55: 2014 | C55: June | D55: 121.5 | E55: 123.1 | F55: 115.8 | G55: 119.7 | H55: 107.8 | I55: 128.3 | J55: 132.1 | K55: 112.4 | L55: 102.9 | M55: 114.3 | N55: 114.2 | O55: 121.2 | P55: 120.4 | Q55: 117.8 | R55: 118.8 | S55: 115.6 | T55: 118.3 | U55: 113.9 | V55: 113.2 | W55: 114.6 | X55: 112.3 | Y55: 111.8 | Z55: 111.6 | AA55: 114.8 | AB55: 108.3 | AC55: 112.3 | AD55: 116.7 | AG55: =SUM(D55:P55) -> 1533.7 | AH55: =SUM(Q55) -> 117.8 | AI55: =SUM(R55:T55) -> 352.7 | AJ55: =SUM(U55:W55) -> 341.7 | AK55: =SUM(X55,AA55,AB55) -> 335.4 | AL55: =SUM(Y55) -> 111.8 | AM55: =SUM(Z55) -> 111.6 | AN55: =SUM(AC55) -> 112.3
A56: Rural | B56: 2014 | C56: July | D56: 121.7 | E56: 122.5 | F56: 117.7 | G56: 120.6 | H56: 110.4 | I56: 129.1 | J56: 150.1 | K56: 113.2 | L56: 104.8 | M56: 113.3 | N56: 115.6 | O56: 120.9 | P56: 123.3 | Q56: 118 | R56: 120.7 | S56: 118.3 | T56: 120.3 | U56: NA | V56: 115.3 | W56: 115.4 | X56: 113.4 | Y56: 113.2 | Z56: 111.8 | AA56: 115.5 | AB56: 108.8 | AC56: 113.1 | AD56: 119.5 | AG56: =SUM(D56:P56) -> 1563.2 | AH56: =SUM(Q56) -> 118 | AI56: =SUM(R56:T56) -> 359.3 | AJ56: =SUM(U56:W56) -> 230.7 | AK56: =SUM(X56,AA56,AB56) -> 337.7 | AL56: =SUM(Y56) -> 113.2 | AM56: =SUM(Z56) -> 111.8 | AN56: =SUM(AC56) -> 113.1
A57: Urban | B57: 2014 | C57: July | D57: 123.8 | E57: 126.4 | F57: 118 | G57: 121.6 | H57: 103.5 | I57: 133.7 | J57: 172.4 | K57: 113.1 | L57: 102.7 | M57: 120 | N57: 113.8 | O57: 123.4 | P57: 127.1 | Q57: 121 | R57: 118 | S57: 113.6 | T57: 117.4 | U57: 114.8 | V57: 111.6 | W57: 114.9 | X57: 111.5 | Y57: 113 | Z57: 112.4 | AA57: 117.8 | AB57: 109.7 | AC57: 113.5 | AD57: 118.9 | AG57: =SUM(D57:P57) -> 1599.5 | AH57: =SUM(Q57) -> 121 | AI57: =SUM(R57:T57) -> 349 | AJ57: =SUM(U57:W57) -> 341.3 | AK57: =SUM(X57,AA57,AB57) -> 339 | AL57: =SUM(Y57) -> 113 | AM57: =SUM(Z57) -> 112.4 | AN57: =SUM(AC57) -> 113.5
A58: Rural+Urban | B58: 2014 | C58: July | D58: 122.4 | E58: 123.9 | F58: 117.8 | G58: 121 | H58: 107.9 | I58: 131.2 | J58: 157.7 | K58: 113.2 | L58: 104.1 | M58: 115.5 | N58: 114.8 | O58: 122.1 | P58: 124.7 | Q58: 118.8 | R58: 119.6 | S58: 116.3 | T58: 119.1 | U58: 114.8 | V58: 113.9 | W58: 115.2 | X58: 112.7 | Y58: 113.1 | Z58: 112.1 | AA58: 116.8 | AB58: 109.2 | AC58: 113.3 | AD58: 119.2 | AG58: =SUM(D58:P58) -> 1576.3 | AH58: =SUM(Q58) -> 118.8 | AI58: =SUM(R58:T58) -> 355 | AJ58: =SUM(U58:W58) -> 343.9 | AK58: =SUM(X58,AA58,AB58) -> 338.7 | AL58: =SUM(Y58) -> 113.1 | AM58: =SUM(Z58) -> 112.1 | AN58: =SUM(AC58) -> 113.3
A59: Rural | B59: 2014 | C59: August | D59: 121.8 | E59: 122.8 | F59: 117.8 | G59: 121.9 | H59: 110.6 | I59: 129.7 | J59: 161.1 | K59: 114.1 | L59: 105.1 | M59: 114.6 | N59: 115.8 | O59: 121.7 | P59: 125.3 | Q59: 118.8 | R59: 120.9 | S59: 118.8 | T59: 120.7 | U59: NA | V59: 115.4 | W59: 115.9 | X59: 114 | Y59: 113.2 | Z59: 112.2 | AA59: 116.2 | AB59: 109.4 | AC59: 113.5 | AD59: 120.7 | AG59: =SUM(D59:P59) -> 1582.3 | AH59: =SUM(Q59) -> 118.8 | AI59: =SUM(R59:T59) -> 360.4 | AJ59: =SUM(U59:W59) -> 231.3 | AK59: =SUM(X59,AA59,AB59) -> 339.6 | AL59: =SUM(Y59) -> 113.2 | AM59: =SUM(Z59) -> 112.2 | AN59: =SUM(AC59) -> 113.5
A60: Urban | B60: 2014 | C60: August | D60: 124.8 | E60: 127.3 | F60: 116.5 | G60: 122.2 | H60: 103.6 | I60: 132.7 | J60: 181.9 | K60: 115.2 | L60: 102.7 | M60: 122.1 | N60: 114.4 | O60: 124.7 | P60: 128.9 | Q60: 123 | R60: 118.6 | S60: 114.1 | T60: 117.9 | U60: 115.5 | V60: 111.8 | W60: 115.3 | X60: 112.2 | Y60: 112.5 | Z60: 112.9 | AA60: 119.2 | AB60: 110.5 | AC60: 113.9 | AD60: 119.9 | AG60: =SUM(D60:P60) -> 1617 | AH60: =SUM(Q60) -> 123 | AI60: =SUM(R60:T60) -> 350.6 | AJ60: =SUM(U60:W60) -> 342.6 | AK60: =SUM(X60,AA60,AB60) -> 341.9 | AL60: =SUM(Y60) -> 112.5 | AM60: =SUM(Z60) -> 112.9 | AN60: =SUM(AC60) -> 113.9
A61: Rural+Urban | B61: 2014 | C61: August | D61: 122.7 | E61: 124.4 | F61: 117.3 | G61: 122 | H61: 108 | I61: 131.1 | J61: 168.2 | K61: 114.5 | L61: 104.3 | M61: 117.1 | N61: 115.2 | O61: 123.1 | P61: 126.6 | Q61: 119.9 | R61: 120 | S61: 116.8 | T61: 119.6 | U61: 115.5 | V61: 114 | W61: 115.6 | X61: 113.3 | Y61: 112.8 | Z61: 112.6 | AA61: 118 | AB61: 109.9 | AC61: 113.7 | AD61: 120.3 | AG61: =SUM(D61:P61) -> 1594.5 | AH61: =SUM(Q61) -> 119.9 | AI61: =SUM(R61:T61) -> 356.4 | AJ61: =SUM(U61:W61) -> 345.1 | AK61: =SUM(X61,AA61,AB61) -> 341.2 | AL61: =SUM(Y61) -> 112.8 | AM61: =SUM(Z61) -> 112.6 | AN61: =SUM(AC61) -> 113.7
A62: Rural | B62: 2014 | C62: September | D62: 122.3 | E62: 122.4 | F62: 117.8 | G62: 122.7 | H62: 110.4 | I62: 129.8 | J62: 158.8 | K62: 115 | L62: 104.7 | M62: 114.9 | N62: 116.5 | O62: 122.6 | P62: 125.3 | Q62: 119.5 | R62: 121.7 | S62: 119.2 | T62: 121.3 | U62: NA | V62: 115.8 | W62: 116.7 | X62: 114.5 | Y62: 112.8 | Z62: 112.6 | AA62: 116.6 | AB62: 109.1 | AC62: 113.7 | AD62: 120.9 | AG62: =SUM(D62:P62) -> 1583.2 | AH62: =SUM(Q62) -> 119.5 | AI62: =SUM(R62:T62) -> 362.2 | AJ62: =SUM(U62:W62) -> 232.5 | AK62: =SUM(X62,AA62,AB62) -> 340.2 | AL62: =SUM(Y62) -> 112.8 | AM62: =SUM(Z62) -> 112.6 | AN62: =SUM(AC62) -> 113.7
A63: Urban | B63: 2014 | C63: September | D63: 124.2 | E63: 125.4 | F63: 116.4 | G63: 122.7 | H63: 103.5 | I63: 124.5 | J63: 168.6 | K63: 116.9 | L63: 101.9 | M63: 122.9 | N63: 114.8 | O63: 125.2 | P63: 126.7 | Q63: 124.3 | R63: 119.2 | S63: 114.5 | T63: 118.4 | U63: 116.1 | V63: 111.8 | W63: 115.5 | X63: 112.3 | Y63: 111.2 | Z63: 113.4 | AA63: 120 | AB63: 110 | AC63: 113.6 | AD63: 119.2 | AG63: =SUM(D63:P63) -> 1593.7 | AH63: =SUM(Q63) -> 124.3 | AI63: =SUM(R63:T63) -> 352.1 | AJ63: =SUM(U63:W63) -> 343.4 | AK63: =SUM(X63,AA63,AB63) -> 342.3 | AL63: =SUM(Y63) -> 111.2 | AM63: =SUM(Z63) -> 113.4 | AN63: =SUM(AC63) -> 113.6
A64: Rural+Urban | B64: 2014 | C64: September | D64: 122.9 | E64: 123.5 | F64: 117.3 | G64: 122.7 | H64: 107.9 | I64: 127.3 | J64: 162.1 | K64: 115.6 | L64: 103.8 | M64: 117.6 | N64: 115.8 | O64: 123.8 | P64: 125.8 | Q64: 120.8 | R64: 120.7 | S64: 117.2 | T64: 120.1 | U64: 116.1 | V64: 114.3 | W64: 116.1 | X64: 113.7 | Y64: 112 | Z64: 113.1 | AA64: 118.6 | AB64: 109.5 | AC64: 113.7 | AD64: 120.1 | AG64: =SUM(D64:P64) -> 1586.1 | AH64: =SUM(Q64) -> 120.8 | AI64: =SUM(R64:T64) -> 358 | AJ64: =SUM(U64:W64) -> 346.5 | AK64: =SUM(X64,AA64,AB64) -> 341.8 | AL64: =SUM(Y64) -> 112 | AM64: =SUM(Z64) -> 113.1 | AN64: =SUM(AC64) -> 113.7
A65: Rural | B65: 2014 | C65: October | D65: 122.6 | E65: 122.5 | F65: 118.3 | G65: 123.2 | H65: 110.5 | I65: 128.9 | J65: 155.3 | K65: 115.5 | L65: 104 | M65: 115.3 | N65: 116.8 | O65: 123.2 | P65: 125.1 | Q65: 120 | R65: 122.7 | S65: 120.3 | T65: 122.3 | U65: NA | V65: 116.4 | W65: 117.5 | X65: 115.3 | Y65: 112.6 | Z65: 113 | AA65: 116.9 | AB65: 109.3 | AC65: 114 | AD65: 121 | AG65: =SUM(D65:P65) -> 1581.2 | AH65: =SUM(Q65) -> 120 | AI65: =SUM(R65:T65) -> 365.3 | AJ65: =SUM(U65:W65) -> 233.9 | AK65: =SUM(X65,AA65,AB65) -> 341.5 | AL65: =SUM(Y65) -> 112.6 | AM65: =SUM(Z65) -> 113 | AN65: =SUM(AC65) -> 114
A66: Urban | B66: 2014 | C66: October | D66: 124.6 | E66: 126.1 | F66: 117.8 | G66: 123.1 | H66: 103.5 | I66: 123.5 | J66: 159.6 | K66: 117.4 | L66: 101.2 | M66: 123.8 | N66: 115.2 | O66: 125.9 | P66: 125.8 | Q66: 124.3 | R66: 119.6 | S66: 114.9 | T66: 118.9 | U66: 116.7 | V66: 112 | W66: 115.8 | X66: 112.6 | Y66: 111 | Z66: 113.6 | AA66: 120.2 | AB66: 110.1 | AC66: 113.7 | AD66: 119.1 | AG66: =SUM(D66:P66) -> 1587.5 | AH66: =SUM(Q66) -> 124.3 | AI66: =SUM(R66:T66) -> 353.4 | AJ66: =SUM(U66:W66) -> 344.5 | AK66: =SUM(X66,AA66,AB66) -> 342.9 | AL66: =SUM(Y66) -> 111 | AM66: =SUM(Z66) -> 113.6 | AN66: =SUM(AC66) -> 113.7
A67: Rural+Urban | B67: 2014 | C67: October | D67: 123.2 | E67: 123.8 | F67: 118.1 | G67: 123.2 | H67: 107.9 | I67: 126.4 | J67: 156.8 | K67: 116.1 | L67: 103.1 | M67: 118.1 | N67: 116.1 | O67: 124.5 | P67: 125.4 | Q67: 121.1 | R67: 121.5 | S67: 118.1 | T67: 121 | U67: 116.7 | V67: 114.7 | W67: 116.7 | X67: 114.3 | Y67: 111.8 | Z67: 113.3 | AA67: 118.8 | AB67: 109.6 | AC67: 113.9 | AD67: 120.1 | AG67: =SUM(D67:P67) -> 1582.7 | AH67: =SUM(Q67) -> 121.1 | AI67: =SUM(R67:T67) -> 360.6 | AJ67: =SUM(U67:W67) -> 348.1 | AK67: =SUM(X67,AA67,AB67) -> 342.7 | AL67: =SUM(Y67) -> 111.8 | AM67: =SUM(Z67) -> 113.3 | AN67: =SUM(AC67) -> 113.9
A68: Rural | B68: 2014 | C68: November | D68: 122.7 | E68: 122.6 | F68: 119.9 | G68: 124 | H68: 110.5 | I68: 128.8 | J68: 152 | K68: 116.2 | L68: 103.3 | M68: 115.8 | N68: 116.8 | O68: 124.5 | P68: 124.9 | Q68: 120.8 | R68: 123.3 | S68: 120.5 | T68: 122.9 | U68: NA | V68: 117.3 | W68: 118.1 | X68: 115.9 | Y68: 112 | Z68: 113.3 | AA68: 117.2 | AB68: 108.8 | AC68: 114.1 | AD68: 121.1 | AG68: =SUM(D68:P68) -> 1582 | AH68: =SUM(Q68) -> 120.8 | AI68: =SUM(R68:T68) -> 366.7 | AJ68: =SUM(U68:W68) -> 235.4 | AK68: =SUM(X68,AA68,AB68) -> 341.9 | AL68: =SUM(Y68) -> 112 | AM68: =SUM(Z68) -> 113.3 | AN68: =SUM(AC68) -> 114.1
A69: Urban | B69: 2014 | C69: November | D69: 124.5 | E69: 125.6 | F69: 122.7 | G69: 124.6 | H69: 103.2 | I69: 122.2 | J69: 153.2 | K69: 119.3 | L69: 99.8 | M69: 124.6 | N69: 115.8 | O69: 126.9 | P69: 125.4 | Q69: 125.8 | R69: 120.3 | S69: 115.4 | T69: 119.5 | U69: 117.1 | V69: 112.6 | W69: 116.4 | X69: 113 | Y69: 109.7 | Z69: 114 | AA69: 120.3 | AB69: 109.6 | AC69: 113.4 | AD69: 119 | AG69: =SUM(D69:P69) -> 1587.8 | AH69: =SUM(Q69) -> 125.8 | AI69: =SUM(R69:T69) -> 355.2 | AJ69: =SUM(U69:W69) -> 346.1 | AK69: =SUM(X69,AA69,AB69) -> 342.9 | AL69: =SUM(Y69) -> 109.7 | AM69: =SUM(Z69) -> 114 | AN69: =SUM(AC69) -> 113.4
A70: Rural+Urban | B70: 2014 | C70: November | D70: 123.3 | E70: 123.7 | F70: 121 | G70: 124.2 | H70: 107.8 | I70: 125.7 | J70: 152.4 | K70: 117.2 | L70: 102.1 | M70: 118.7 | N70: 116.4 | O70: 125.6 | P70: 125.1 | Q70: 122.1 | R70: 122.1 | S70: 118.4 | T70: 121.6 | U70: 117.1 | V70: 115.5 | W70: 117.3 | X70: 114.8 | Y70: 110.8 | Z70: 113.7 | AA70: 119 | AB70: 109.1 | AC70: 113.8 | AD70: 120.1 | AG70: =SUM(D70:P70) -> 1583.2 | AH70: =SUM(Q70) -> 122.1 | AI70: =SUM(R70:T70) -> 362.1 | AJ70: =SUM(U70:W70) -> 349.9 | AK70: =SUM(X70,AA70,AB70) -> 342.9 | AL70: =SUM(Y70) -> 110.8 | AM70: =SUM(Z70) -> 113.7 | AN70: =SUM(AC70) -> 113.8
A71: Rural | B71: 2014 | C71: December | D71: 122.4 | E71: 122.4 | F71: 121.8 | G71: 124.2 | H71: 110.2 | I71: 128.6 | J71: 140.3 | K71: 116.3 | L71: 102 | M71: 116 | N71: 117.3 | O71: 124.8 | P71: 123.3 | Q71: 121.7 | R71: 123.8 | S71: 120.6 | T71: 123.3 | U71: NA | V71: 117.4 | W71: 118.2 | X71: 116.2 | Y71: 111.5 | Z71: 113.3 | AA71: 117.7 | AB71: 109.4 | AC71: 114.2 | AD71: 120.3 | AG71: =SUM(D71:P71) -> 1569.6 | AH71: =SUM(Q71) -> 121.7 | AI71: =SUM(R71:T71) -> 367.7 | AJ71: =SUM(U71:W71) -> 235.6 | AK71: =SUM(X71,AA71,AB71) -> 343.3 | AL71: =SUM(Y71) -> 111.5 | AM71: =SUM(Z71) -> 113.3 | AN71: =SUM(AC71) -> 114.2
A72: Urban | B72: 2014 | C72: December | D72: 124 | E72: 124.7 | F72: 126.3 | G72: 124.9 | H72: 103 | I72: 122.3 | J72: 141 | K72: 120.1 | L72: 97.8 | M72: 125.4 | N72: 116.1 | O72: 127.6 | P72: 124 | Q72: 126.4 | R72: 120.7 | S72: 115.8 | T72: 120 | U72: 116.5 | V72: 113 | W72: 116.8 | X72: 113.2 | Y72: 108.8 | Z72: 114.3 | AA72: 120.7 | AB72: 110.4 | AC72: 113.4 | AD72: 118.4 | AG72: =SUM(D72:P72) -> 1577.2 | AH72: =SUM(Q72) -> 126.4 | AI72: =SUM(R72:T72) -> 356.5 | AJ72: =SUM(U72:W72) -> 346.3 | AK72: =SUM(X72,AA72,AB72) -> 344.3 | AL72: =SUM(Y72) -> 108.8 | AM72: =SUM(Z72) -> 114.3 | AN72: =SUM(AC72) -> 113.4
A73: Rural+Urban | B73: 2014 | C73: December | D73: 122.9 | E73: 123.2 | F73: 123.5 | G73: 124.5 | H73: 107.6 | I73: 125.7 | J73: 140.5 | K73: 117.6 | L73: 100.6 | M73: 119.1 | N73: 116.8 | O73: 126.1 | P73: 123.6 | Q73: 123 | R73: 122.6 | S73: 118.6 | T73: 122 | U73: 116.5 | V73: 115.7 | W73: 117.5 | X73: 115.1 | Y73: 110.1 | Z73: 113.9 | AA73: 119.5 | AB73: 109.8 | AC73: 113.8 | AD73: 119.4 | AG73: =SUM(D73:P73) -> 1571.7 | AH73: =SUM(Q73) -> 123 | AI73: =SUM(R73:T73) -> 363.2 | AJ73: =SUM(U73:W73) -> 349.7 | AK73: =SUM(X73,AA73,AB73) -> 344.4 | AL73: =SUM(Y73) -> 110.1 | AM73: =SUM(Z73) -> 113.9 | AN73: =SUM(AC73) -> 113.8
A74: Rural | B74: 2015 | C74: January | D74: 123.1 | E74: 123.1 | F74: 122.1 | G74: 124.9 | H74: 111 | I74: 130.4 | J74: 132.3 | K74: 117.2 | L74: 100.5 | M74: 117.2 | N74: 117.9 | O74: 125.6 | P74: 122.8 | Q74: 122.7 | R74: 124.4 | S74: 121.6 | T74: 124 | U74: NA | V74: 118.4 | W74: 118.9 | X74: 116.6 | Y74: 111 | Z74: 114 | AA74: 118.2 | AB74: 110.2 | AC74: 114.5 | AD74: 120.3 | AG74: =SUM(D74:P74) -> 1568.1 | AH74: =SUM(Q74) -> 122.7 | AI74: =SUM(R74:T74) -> 370 | AJ74: =SUM(U74:W74) -> 237.3 | AK74: =SUM(X74,AA74,AB74) -> 345 | AL74: =SUM(Y74) -> 111 | AM74: =SUM(Z74) -> 114 | AN74: =SUM(AC74) -> 114.5
A75: Urban | B75: 2015 | C75: January | D75: 124 | E75: 125.5 | F75: 126.6 | G75: 125.2 | H75: 104.3 | I75: 121.3 | J75: 134.4 | K75: 122.9 | L75: 96.1 | M75: 126.6 | N75: 116.5 | O75: 128 | P75: 123.5 | Q75: 127.4 | R75: 121 | S75: 116.1 | T75: 120.2 | U75: 117.3 | V75: 113.4 | W75: 117.2 | X75: 113.7 | Y75: 107.9 | Z75: 114.6 | AA75: 120.8 | AB75: 111.4 | AC75: 113.4 | AD75: 118.5 | AG75: =SUM(D75:P75) -> 1574.9 | AH75: =SUM(Q75) -> 127.4 | AI75: =SUM(R75:T75) -> 357.3 | AJ75: =SUM(U75:W75) -> 347.9 | AK75: =SUM(X75,AA75,AB75) -> 345.9 | AL75: =SUM(Y75) -> 107.9 | AM75: =SUM(Z75) -> 114.6 | AN75: =SUM(AC75) -> 113.4
A76: Rural+Urban | B76: 2015 | C76: January | D76: 123.4 | E76: 123.9 | F76: 123.8 | G76: 125 | H76: 108.5 | I76: 126.2 | J76: 133 | K76: 119.1 | L76: 99 | M76: 120.3 | N76: 117.3 | O76: 126.7 | P76: 123.1 | Q76: 124 | R76: 123.1 | S76: 119.3 | T76: 122.5 | U76: 117.3 | V76: 116.5 | W76: 118.1 | X76: 115.5 | Y76: 109.4 | Z76: 114.3 | AA76: 119.7 | AB76: 110.7 | AC76: 114 | AD76: 119.5 | AG76: =SUM(D76:P76) -> 1569.3 | AH76: =SUM(Q76) -> 124 | AI76: =SUM(R76:T76) -> 364.9 | AJ76: =SUM(U76:W76) -> 351.9 | AK76: =SUM(X76,AA76,AB76) -> 345.9 | AL76: =SUM(Y76) -> 109.4 | AM76: =SUM(Z76) -> 114.3 | AN76: =SUM(AC76) -> 114
A77: Rural | B77: 2015 | C77: February | D77: 123.4 | E77: 124.4 | F77: 122.1 | G77: 125.8 | H77: 111.5 | I77: 129.4 | J77: 128.2 | K77: 118.8 | L77: 100 | M77: 118.6 | N77: 118.8 | O77: 126.8 | P77: 122.8 | Q77: 124.2 | R77: 125.4 | S77: 122.7 | T77: 125 | U77: NA | V77: 120 | W77: 119.6 | X77: 117.7 | Y77: 110.9 | Z77: 114.8 | AA77: 118.7 | AB77: 110.8 | AC77: 115 | AD77: 120.6 | AG77: =SUM(D77:P77) -> 1570.6 | AH77: =SUM(Q77) -> 124.2 | AI77: =SUM(R77:T77) -> 373.1 | AJ77: =SUM(U77:W77) -> 239.6 | AK77: =SUM(X77,AA77,AB77) -> 347.2 | AL77: =SUM(Y77) -> 110.9 | AM77: =SUM(Z77) -> 114.8 | AN77: =SUM(AC77) -> 115
A78: Urban | B78: 2015 | C78: February | D78: 124.3 | E78: 126.5 | F78: 119.5 | G78: 125.6 | H78: 104.9 | I78: 121.6 | J78: 131.8 | K78: 125.1 | L78: 95 | M78: 127.7 | N78: 116.8 | O78: 128.6 | P78: 123.7 | Q78: 128.1 | R78: 121.3 | S78: 116.5 | T78: 120.6 | U78: 118.1 | V78: 114 | W78: 117.7 | X78: 114.1 | Y78: 106.8 | Z78: 114.9 | AA78: 120.4 | AB78: 111.7 | AC78: 113.2 | AD78: 118.7 | AG78: =SUM(D78:P78) -> 1571.1 | AH78: =SUM(Q78) -> 128.1 | AI78: =SUM(R78:T78) -> 358.4 | AJ78: =SUM(U78:W78) -> 349.8 | AK78: =SUM(X78,AA78,AB78) -> 346.2 | AL78: =SUM(Y78) -> 106.8 | AM78: =SUM(Z78) -> 114.9 | AN78: =SUM(AC78) -> 113.2
A79: Rural+Urban | B79: 2015 | C79: February | D79: 123.7 | E79: 125.1 | F79: 121.1 | G79: 125.7 | H79: 109.1 | I79: 125.8 | J79: 129.4 | K79: 120.9 | L79: 98.3 | M79: 121.6 | N79: 118 | O79: 127.6 | P79: 123.1 | Q79: 125.2 | R79: 123.8 | S79: 120.1 | T79: 123.3 | U79: 118.1 | V79: 117.7 | W79: 118.7 | X79: 116.3 | Y79: 108.7 | Z79: 114.9 | AA79: 119.7 | AB79: 111.2 | AC79: 114.1 | AD79: 119.7 | AG79: =SUM(D79:P79) -> 1569.4 | AH79: =SUM(Q79) -> 125.2 | AI79: =SUM(R79:T79) -> 367.2 | AJ79: =SUM(U79:W79) -> 354.5 | AK79: =SUM(X79,AA79,AB79) -> 347.2 | AL79: =SUM(Y79) -> 108.7 | AM79: =SUM(Z79) -> 114.9 | AN79: =SUM(AC79) -> 114.1
A80: Rural | B80: 2015 | C80: March | D80: 123.3 | E80: 124.7 | F80: 118.9 | G80: 126 | H80: 111.8 | I80: 130.9 | J80: 128 | K80: 119.9 | L80: 98.9 | M80: 119.4 | N80: 118.9 | O80: 127.7 | P80: 123.1 | Q80: 124.7 | R80: 126 | S80: 122.9 | T80: 125.5 | U80: NA | V80: 120.6 | W80: 120.2 | X80: 118.2 | Y80: 111.6 | Z80: 115.5 | AA80: 119.4 | AB80: 110.8 | AC80: 115.5 | AD80: 121.1 | AG80: =SUM(D80:P80) -> 1571.5 | AH80: =SUM(Q80) -> 124.7 | AI80: =SUM(R80:T80) -> 374.4 | AJ80: =SUM(U80:W80) -> 240.8 | AK80: =SUM(X80,AA80,AB80) -> 348.4 | AL80: =SUM(Y80) -> 111.6 | AM80: =SUM(Z80) -> 115.5 | AN80: =SUM(AC80) -> 115.5
A81: Urban | B81: 2015 | C81: March | D81: 124 | E81: 126.7 | F81: 113.5 | G81: 125.9 | H81: 104.8 | I81: 123.8 | J81: 131.4 | K81: 127.2 | L81: 93.2 | M81: 127.4 | N81: 117 | O81: 129.2 | P81: 123.9 | Q81: 128.8 | R81: 121.7 | S81: 116.9 | T81: 120.9 | U81: 118.6 | V81: 114.4 | W81: 118 | X81: 114.3 | Y81: 108.4 | Z81: 115.4 | AA81: 120.6 | AB81: 111.3 | AC81: 113.8 | AD81: 119.1 | AG81: =SUM(D81:P81) -> 1568 | AH81: =SUM(Q81) -> 128.8 | AI81: =SUM(R81:T81) -> 359.5 | AJ81: =SUM(U81:W81) -> 351 | AK81: =SUM(X81,AA81,AB81) -> 346.2 | AL81: =SUM(Y81) -> 108.4 | AM81: =SUM(Z81) -> 115.4 | AN81: =SUM(AC81) -> 113.8
A82: Rural+Urban | B82: 2015 | C82: March | D82: 123.5 | E82: 125.4 | F82: 116.8 | G82: 126 | H82: 109.2 | I82: 127.6 | J82: 129.2 | K82: 122.4 | L82: 97 | M82: 122.1 | N82: 118.1 | O82: 128.4 | P82: 123.4 | Q82: 125.8 | R82: 124.3 | S82: 120.4 | T82: 123.7 | U82: 118.6 | V82: 118.3 | W82: 119.2 | X82: 116.7 | Y82: 109.9 | Z82: 115.4 | AA82: 120.1 | AB82: 111 | AC82: 114.7 | AD82: 120.2 | AG82: =SUM(D82:P82) -> 1569.1 | AH82: =SUM(Q82) -> 125.8 | AI82: =SUM(R82:T82) -> 368.4 | AJ82: =SUM(U82:W82) -> 356.1 | AK82: =SUM(X82,AA82,AB82) -> 347.8 | AL82: =SUM(Y82) -> 109.9 | AM82: =SUM(Z82) -> 115.4 | AN82: =SUM(AC82) -> 114.7
A83: Rural | B83: 2015 | C83: April | D83: 123.3 | E83: 125.5 | F83: 117.2 | G83: 126.8 | H83: 111.9 | I83: 134.2 | J83: 127.5 | K83: 121.5 | L83: 97.8 | M83: 119.8 | N83: 119.4 | O83: 128.7 | P83: 123.6 | Q83: 125.7 | R83: 126.4 | S83: 123.3 | T83: 126 | U83: NA | V83: 121.2 | W83: 120.9 | X83: 118.6 | Y83: 111.9 | Z83: 116.2 | AA83: 119.9 | AB83: 111.6 | AC83: 116 | AD83: 121.5 | AG83: =SUM(D83:P83) -> 1577.2 | AH83: =SUM(Q83) -> 125.7 | AI83: =SUM(R83:T83) -> 375.7 | AJ83: =SUM(U83:W83) -> 242.1 | AK83: =SUM(X83,AA83,AB83) -> 350.1 | AL83: =SUM(Y83) -> 111.9 | AM83: =SUM(Z83) -> 116.2 | AN83: =SUM(AC83) -> 116
A84: Urban | B84: 2015 | C84: April | D84: 123.8 | E84: 128.2 | F84: 110 | G84: 126.3 | H84: 104.5 | I84: 130.6 | J84: 130.8 | K84: 131.3 | L84: 91.6 | M84: 127.7 | N84: 117.2 | O84: 129.5 | P84: 124.6 | Q84: 130.1 | R84: 122.1 | S84: 117.2 | T84: 121.3 | U84: 119.2 | V84: 114.7 | W84: 118.4 | X84: 114.6 | Y84: 108.4 | Z84: 115.6 | AA84: 121.7 | AB84: 111.8 | AC84: 114.2 | AD84: 119.7 | AG84: =SUM(D84:P84) -> 1576.1 | AH84: =SUM(Q84) -> 130.1 | AI84: =SUM(R84:T84) -> 360.6 | AJ84: =SUM(U84:W84) -> 352.3 | AK84: =SUM(X84,AA84,AB84) -> 348.1 | AL84: =SUM(Y84) -> 108.4 | AM84: =SUM(Z84) -> 115.6 | AN84: =SUM(AC84) -> 114.2
A85: Rural+Urban | B85: 2015 | C85: April | D85: 123.5 | E85: 126.4 | F85: 114.4 | G85: 126.6 | H85: 109.2 | I85: 132.5 | J85: 128.6 | K85: 124.8 | L85: 95.7 | M85: 122.4 | N85: 118.5 | O85: 129.1 | P85: 124 | Q85: 126.9 | R85: 124.7 | S85: 120.8 | T85: 124.1 | U85: 119.2 | V85: 118.7 | W85: 119.7 | X85: 117.1 | Y85: 110.1 | Z85: 115.9 | AA85: 121 | AB85: 111.7 | AC85: 115.1 | AD85: 120.7 | AG85: =SUM(D85:P85) -> 1575.7 | AH85: =SUM(Q85) -> 126.9 | AI85: =SUM(R85:T85) -> 369.6 | AJ85: =SUM(U85:W85) -> 357.6 | AK85: =SUM(X85,AA85,AB85) -> 349.8 | AL85: =SUM(Y85) -> 110.1 | AM85: =SUM(Z85) -> 115.9 | AN85: =SUM(AC85) -> 115.1
A86: Rural | B86: 2015 | C86: May | D86: 123.5 | E86: 127.1 | F86: 117.3 | G86: 127.7 | H86: 112.5 | I86: 134.1 | J86: 128.5 | K86: 124.3 | L86: 97.6 | M86: 120.7 | N86: 120.2 | O86: 129.8 | P86: 124.4 | Q86: 126.7 | R86: 127.3 | S86: 124.1 | T86: 126.8 | U86: NA | V86: 121.9 | W86: 121.5 | X86: 119.4 | Y86: 113.3 | Z86: 116.7 | AA86: 120.5 | AB86: 112.3 | AC86: 116.9 | AD86: 122.4 | AG86: =SUM(D86:P86) -> 1587.7 | AH86: =SUM(Q86) -> 126.7 | AI86: =SUM(R86:T86) -> 378.2 | AJ86: =SUM(U86:W86) -> 243.4 | AK86: =SUM(X86,AA86,AB86) -> 352.2 | AL86: =SUM(Y86) -> 113.3 | AM86: =SUM(Z86) -> 116.7 | AN86: =SUM(AC86) -> 116.9
A87: Urban | B87: 2015 | C87: May | D87: 123.8 | E87: 129.7 | F87: 111.3 | G87: 126.6 | H87: 105.2 | I87: 130.8 | J87: 135.6 | K87: 142.6 | L87: 90.8 | M87: 128.8 | N87: 117.7 | O87: 129.9 | P87: 126.1 | Q87: 131.3 | R87: 122.4 | S87: 117.4 | T87: 121.6 | U87: 119.6 | V87: 114.9 | W87: 118.7 | X87: 114.9 | Y87: 110.8 | Z87: 116 | AA87: 122 | AB87: 112.4 | AC87: 115.2 | AD87: 120.7 | AG87: =SUM(D87:P87) -> 1598.9 | AH87: =SUM(Q87) -> 131.3 | AI87: =SUM(R87:T87) -> 361.4 | AJ87: =SUM(U87:W87) -> 353.2 | AK87: =SUM(X87,AA87,AB87) -> 349.3 | AL87: =SUM(Y87) -> 110.8 | AM87: =SUM(Z87) -> 116 | AN87: =SUM(AC87) -> 115.2
A88: Rural+Urban | B88: 2015 | C88: May | D88: 123.6 | E88: 128 | F88: 115 | G88: 127.3 | H88: 109.8 | I88: 132.6 | J88: 130.9 | K88: 130.5 | L88: 95.3 | M88: 123.4 | N88: 119.2 | O88: 129.8 | P88: 125 | Q88: 127.9 | R88: 125.4 | S88: 121.3 | T88: 124.7 | U88: 119.6 | V88: 119.2 | W88: 120.2 | X88: 117.7 | Y88: 112 | Z88: 116.3 | AA88: 121.4 | AB88: 112.3 | AC88: 116.1 | AD88: 121.6 | AG88: =SUM(D88:P88) -> 1590.4 | AH88: =SUM(Q88) -> 127.9 | AI88: =SUM(R88:T88) -> 371.4 | AJ88: =SUM(U88:W88) -> 359 | AK88: =SUM(X88,AA88,AB88) -> 351.4 | AL88: =SUM(Y88) -> 112 | AM88: =SUM(Z88) -> 116.3 | AN88: =SUM(AC88) -> 116.1
A89: Rural | B89: 2015 | C89: June | D89: 124.1 | E89: 130.4 | F89: 122.1 | G89: 128.7 | H89: 114.1 | I89: 133.2 | J89: 135.2 | K89: 131.9 | L89: 96.3 | M89: 123 | N89: 121.1 | O89: 131.2 | P89: 126.6 | Q89: 128.2 | R89: 128.4 | S89: 125.1 | T89: 128 | U89: NA | V89: 122.6 | W89: 122.8 | X89: 120.4 | Y89: 114.2 | Z89: 117.9 | AA89: 122 | AB89: 113 | AC89: 117.9 | AD89: 124.1 | AG89: =SUM(D89:P89) -> 1617.9 | AH89: =SUM(Q89) -> 128.2 | AI89: =SUM(R89:T89) -> 381.5 | AJ89: =SUM(U89:W89) -> 245.4 | AK89: =SUM(X89,AA89,AB89) -> 355.4 | AL89: =SUM(Y89) -> 114.2 | AM89: =SUM(Z89) -> 117.9 | AN89: =SUM(AC89) -> 117.9
A90: Urban | B90: 2015 | C90: June | D90: 123.6 | E90: 134.4 | F90: 120.9 | G90: 127.3 | H90: 106 | I90: 132.3 | J90: 146.7 | K90: 148.1 | L90: 89.8 | M90: 130.5 | N90: 118 | O90: 130.5 | P90: 128.5 | Q90: 132.1 | R90: 123.2 | S90: 117.6 | T90: 122.3 | U90: 119 | V90: 115.1 | W90: 119.2 | X90: 115.4 | Y90: 111.7 | Z90: 116.2 | AA90: 123.8 | AB90: 112.5 | AC90: 116 | AD90: 121.7 | AG90: =SUM(D90:P90) -> 1636.6 | AH90: =SUM(Q90) -> 132.1 | AI90: =SUM(R90:T90) -> 363.1 | AJ90: =SUM(U90:W90) -> 353.3 | AK90: =SUM(X90,AA90,AB90) -> 351.7 | AL90: =SUM(Y90) -> 111.7 | AM90: =SUM(Z90) -> 116.2 | AN90: =SUM(AC90) -> 116
A91: Rural+Urban | B91: 2015 | C91: June | D91: 123.9 | E91: 131.8 | F91: 121.6 | G91: 128.2 | H91: 111.1 | I91: 132.8 | J91: 139.1 | K91: 137.4 | L91: 94.1 | M91: 125.5 | N91: 119.8 | O91: 130.9 | P91: 127.3 | Q91: 129.2 | R91: 126.4 | S91: 122 | T91: 125.7 | U91: 119 | V91: 119.8 | W91: 121.1 | X91: 118.5 | Y91: 112.9 | Z91: 116.9 | AA91: 123.1 | AB91: 112.8 | AC91: 117 | AD91: 123 | AG91: =SUM(D91:P91) -> 1623.5 | AH91: =SUM(Q91) -> 129.2 | AI91: =SUM(R91:T91) -> 374.1 | AJ91: =SUM(U91:W91) -> 359.9 | AK91: =SUM(X91,AA91,AB91) -> 354.4 | AL91: =SUM(Y91) -> 112.9 | AM91: =SUM(Z91) -> 116.9 | AN91: =SUM(AC91) -> 117
A92: Rural | B92: 2015 | C92: July | D92: 124 | E92: 131.5 | F92: 122 | G92: 128.7 | H92: 113.5 | I92: 133.3 | J92: 140.8 | K92: 133.8 | L92: 94.1 | M92: 123.4 | N92: 121 | O92: 131.7 | P92: 127.5 | Q92: 129.4 | R92: 128.8 | S92: 125.5 | T92: 128.3 | U92: NA | V92: 123 | W92: 123 | X92: 120.8 | Y92: 114.1 | Z92: 118 | AA92: 122.9 | AB92: 112.7 | AC92: 118.1 | AD92: 124.7 | AG92: =SUM(D92:P92) -> 1625.3 | AH92: =SUM(Q92) -> 129.4 | AI92: =SUM(R92:T92) -> 382.6 | AJ92: =SUM(U92:W92) -> 246 | AK92: =SUM(X92,AA92,AB92) -> 356.4 | AL92: =SUM(Y92) -> 114.1 | AM92: =SUM(Z92) -> 118 | AN92: =SUM(AC92) -> 118.1
A93: Urban | B93: 2015 | C93: July | D93: 123.2 | E93: 134.3 | F93: 119.5 | G93: 127.7 | H93: 106.3 | I93: 132.8 | J93: 153.5 | K93: 149.5 | L93: 85.7 | M93: 131.5 | N93: 118.3 | O93: 131.1 | P93: 129.5 | Q93: 133.1 | R93: 123.5 | S93: 117.9 | T93: 122.7 | U93: 119.9 | V93: 115.3 | W93: 119.5 | X93: 116 | Y93: 111.5 | Z93: 116.6 | AA93: 125.4 | AB93: 111.7 | AC93: 116.3 | AD93: 122.4 | AG93: =SUM(D93:P93) -> 1642.9 | AH93: =SUM(Q93) -> 133.1 | AI93: =SUM(R93:T93) -> 364.1 | AJ93: =SUM(U93:W93) -> 354.7 | AK93: =SUM(X93,AA93,AB93) -> 353.1 | AL93: =SUM(Y93) -> 111.5 | AM93: =SUM(Z93) -> 116.6 | AN93: =SUM(AC93) -> 116.3
A94: Rural+Urban | B94: 2015 | C94: July | D94: 123.7 | E94: 132.5 | F94: 121 | G94: 128.3 | H94: 110.9 | I94: 133.1 | J94: 145.1 | K94: 139.1 | L94: 91.3 | M94: 126.1 | N94: 119.9 | O94: 131.4 | P94: 128.2 | Q94: 130.4 | R94: 126.7 | S94: 122.3 | T94: 126.1 | U94: 119.9 | V94: 120.1 | W94: 121.3 | X94: 119 | Y94: 112.7 | Z94: 117.2 | AA94: 124.4 | AB94: 112.3 | AC94: 117.2 | AD94: 123.6 | AG94: =SUM(D94:P94) -> 1630.6 | AH94: =SUM(Q94) -> 130.4 | AI94: =SUM(R94:T94) -> 375.1 | AJ94: =SUM(U94:W94) -> 361.3 | AK94: =SUM(X94,AA94,AB94) -> 355.7 | AL94: =SUM(Y94) -> 112.7 | AM94: =SUM(Z94) -> 117.2 | AN94: =SUM(AC94) -> 117.2
A95: Rural | B95: 2015 | C95: August | D95: 124.7 | E95: 131.3 | F95: 121.3 | G95: 128.8 | H95: 114 | I95: 134.2 | J95: 153.6 | K95: 137.9 | L95: 93.1 | M95: 123.9 | N95: 121.5 | O95: 132.5 | P95: 129.8 | Q95: 130.1 | R95: 129.5 | S95: 126.3 | T95: 129 | U95: NA | V95: 123.8 | W95: 123.7 | X95: 121.1 | Y95: 113.6 | Z95: 118.5 | AA95: 123.6 | AB95: 112.5 | AC95: 118.2 | AD95: 126.1 | AG95: =SUM(D95:P95) -> 1646.6 | AH95: =SUM(Q95) -> 130.1 | AI95: =SUM(R95:T95) -> 384.8 | AJ95: =SUM(U95:W95) -> 247.5 | AK95: =SUM(X95,AA95,AB95) -> 357.2 | AL95: =SUM(Y95) -> 113.6 | AM95: =SUM(Z95) -> 118.5 | AN95: =SUM(AC95) -> 118.2
A96: Urban | B96: 2015 | C96: August | D96: 123.1 | E96: 131.7 | F96: 118.1 | G96: 128 | H96: 106.8 | I96: 130.1 | J96: 165.5 | K96: 156 | L96: 85.3 | M96: 132.7 | N96: 118.8 | O96: 131.7 | P96: 131.1 | Q96: 134.2 | R96: 123.7 | S96: 118.2 | T96: 122.9 | U96: 120.9 | V96: 115.3 | W96: 120 | X96: 116.6 | Y96: 109.9 | Z96: 117.2 | AA96: 126.2 | AB96: 112 | AC96: 116.2 | AD96: 123.2 | AG96: =SUM(D96:P96) -> 1658.9 | AH96: =SUM(Q96) -> 134.2 | AI96: =SUM(R96:T96) -> 364.8 | AJ96: =SUM(U96:W96) -> 356.2 | AK96: =SUM(X96,AA96,AB96) -> 354.8 | AL96: =SUM(Y96) -> 109.9 | AM96: =SUM(Z96) -> 117.2 | AN96: =SUM(AC96) -> 116.2
A97: Rural+Urban | B97: 2015 | C97: August | D97: 124.2 | E97: 131.4 | F97: 120.1 | G97: 128.5 | H97: 111.4 | I97: 132.3 | J97: 157.6 | K97: 144 | L97: 90.5 | M97: 126.8 | N97: 120.4 | O97: 132.1 | P97: 130.3 | Q97: 131.2 | R97: 127.2 | S97: 122.9 | T97: 126.6 | U97: 120.9 | V97: 120.6 | W97: 122 | X97: 119.4 | Y97: 111.7 | Z97: 117.8 | AA97: 125.1 | AB97: 112.3 | AC97: 117.2 | AD97: 124.8 | AG97: =SUM(D97:P97) -> 1649.6 | AH97: =SUM(Q97) -> 131.2 | AI97: =SUM(R97:T97) -> 376.7 | AJ97: =SUM(U97:W97) -> 363.5 | AK97: =SUM(X97,AA97,AB97) -> 356.8 | AL97: =SUM(Y97) -> 111.7 | AM97: =SUM(Z97) -> 117.8 | AN97: =SUM(AC97) -> 117.2
A98: Rural | B98: 2015 | C98: September | D98: 125.1 | E98: 131.1 | F98: 120.7 | G98: 129.2 | H98: 114.7 | I98: 132.3 | J98: 158.9 | K98: 142.1 | L98: 92.5 | M98: 125.4 | N98: 121.9 | O98: 132.7 | P98: 131 | Q98: 131 | R98: 130.4 | S98: 126.8 | T98: 129.9 | U98: NA | V98: 123.7 | W98: 124.5 | X98: 121.4 | Y98: 113.8 | Z98: 119.6 | AA98: 124.5 | AB98: 113.7 | AC98: 118.8 | AD98: 127 | AG98: =SUM(D98:P98) -> 1657.6 | AH98: =SUM(Q98) -> 131 | AI98: =SUM(R98:T98) -> 387.1 | AJ98: =SUM(U98:W98) -> 248.2 | AK98: =SUM(X98,AA98,AB98) -> 359.6 | AL98: =SUM(Y98) -> 113.8 | AM98: =SUM(Z98) -> 119.6 | AN98: =SUM(AC98) -> 118.8
A99: Urban | B99: 2015 | C99: September | D99: 123.4 | E99: 129 | F99: 115.6 | G99: 128.3 | H99: 107 | I99: 124 | J99: 168.5 | K99: 165.4 | L99: 86.3 | M99: 134.4 | N99: 119.1 | O99: 132.3 | P99: 131.5 | Q99: 134.7 | R99: 124 | S99: 118.6 | T99: 123.2 | U99: 121.6 | V99: 115.1 | W99: 120.4 | X99: 117.1 | Y99: 109.1 | Z99: 117.3 | AA99: 126.5 | AB99: 112.9 | AC99: 116.2 | AD99: 123.5 | AG99: =SUM(D99:P99) -> 1664.8 | AH99: =SUM(Q99) -> 134.7 | AI99: =SUM(R99:T99) -> 365.8 | AJ99: =SUM(U99:W99) -> 357.1 | AK99: =SUM(X99,AA99,AB99) -> 356.5 | AL99: =SUM(Y99) -> 109.1 | AM99: =SUM(Z99) -> 117.3 | AN99: =SUM(AC99) -> 116.2
A100: Rural+Urban | B100: 2015 | C100: September | D100: 124.6 | E100: 130.4 | F100: 118.7 | G100: 128.9 | H100: 111.9 | I100: 128.4 | J100: 162.2 | K100: 150 | L100: 90.4 | M100: 128.4 | N100: 120.7 | O100: 132.5 | P100: 131.2 | Q100: 132 | R100: 127.9 | S100: 123.4 | T100: 127.2 | U100: 121.6 | V100: 120.4 | W100: 122.6 | X100: 119.8 | Y100: 111.3 | Z100: 118.3 | AA100: 125.7 | AB100: 113.4 | AC100: 117.5 | AD100: 125.4 | AG100: =SUM(D100:P100) -> 1658.3 | AH100: =SUM(Q100) -> 132 | AI100: =SUM(R100:T100) -> 378.5 | AJ100: =SUM(U100:W100) -> 364.6 | AK100: =SUM(X100,AA100,AB100) -> 358.9 | AL100: =SUM(Y100) -> 111.3 | AM100: =SUM(Z100) -> 118.3 | AN100: =SUM(AC100) -> 117.5
...

Sheet EXP
A1: Sector | B1: Year | C1: Month | D1: Cereals and products | E1: Meat and fish | F1: Egg | G1: Milk and products | H1: Oils and fats | I1: Fruits | J1: Vegetables | K1: Pulses and products | L1: Sugar and Confectionery | M1: Spices | N1: Non-alcoholic beverages | O1: Prepared meals, snacks, sweets etc. | P1: Food and beverages | Q1: Pan, tobacco and intoxicants | R1: Clothing | S1: Footwear | T1: Clothing and footwear | U1: Housing | V1: Fuel and light | W1: Household goods and services | X1: Health | Y1: Transport and communication | Z1: Recreation and amusement | AA1: Education | AB1: Personal care and effects | AC1: Miscellaneous | AD1: General index | AE1: FOOD & NON-ALCHOLIC BEVERAGES | AF1: ALCOHOL,TOBACCO & INTOXICANTS | AG1: CLOTHING AND FOOTWEAR | AH1: HOUSING,FUEL AND UTILITIES | AI1: HEALTHCARE AND EDUCATION | AJ1: TRANSPORT & COMMUNICATION | AK1: RECREATION AND CULTURE | AL1: MISCELLANEOUS
A2: Rural | B2: 2013 | C2: January | D2: 107.5 | E2: 106.3 | F2: 108.1 | G2: 104.9 | H2: 106.1 | I2: 103.9 | J2: 101.9 | K2: 106.1 | L2: 106.8 | M2: 103.1 | N2: 104.8 | O2: 106.7 | P2: 105.5 | Q2: 105.1 | R2: 106.5 | S2: 105.8 | T2: 106.4 | U2: NA | V2: 105.5 | W2: 104.8 | X2: 104 | Y2: 103.3 | Z2: 103.4 | AA2: 103.8 | AB2: 104.7 | AC2: 104 | AD2: 105.1 | AE2: =SUM(D2:P2) -> 1371.7 | AF2: =SUM(Q2) -> 105.1 | AG2: =SUM(R2:T2) -> 318.7 | AH2: =SUM(U2:W2) -> 210.3 | AI2: =SUM(X2,AA2,AB2) -> 312.5 | AJ2: =SUM(Y2) -> 103.3 | AK2: =SUM(Z2) -> 103.4 | AL2: =SUM(AC2) -> 104
A3: Urban | B3: 2013 | C3: January | D3: 110.5 | E3: 109.1 | F3: 113 | G3: 103.6 | H3: 103.4 | I3: 102.3 | J3: 102.9 | K3: 105.8 | L3: 105.1 | M3: 101.8 | N3: 105.1 | O3: 107.9 | P3: 105.9 | Q3: 105.2 | R3: 105.9 | S3: 105 | T3: 105.8 | U3: 100.3 | V3: 105.4 | W3: 104.8 | X3: 104.1 | Y3: 103.2 | Z3: 102.9 | AA3: 103.5 | AB3: 104.3 | AC3: 103.7 | AD3: 104 | AE3: =SUM(D3:P3) -> 1376.4 | AF3: =SUM(Q3) -> 105.2 | AG3: =SUM(R3:T3) -> 316.7 | AH3: =SUM(U3:W3) -> 310.5 | AI3: =SUM(X3,AA3,AB3) -> 311.9 | AJ3: =SUM(Y3) -> 103.2 | AK3: =SUM(Z3) -> 102.9 | AL3: =SUM(AC3) -> 103.7
A4: Rural+Urban | B4: 2013 | C4: January | D4: 108.4 | E4: 107.3 | F4: 110 | G4: 104.4 | H4: 105.1 | I4: 103.2 | J4: 102.2 | K4: 106 | L4: 106.2 | M4: 102.7 | N4: 104.9 | O4: 107.3 | P4: 105.6 | Q4: 105.1 | R4: 106.3 | S4: 105.5 | T4: 106.2 | U4: 100.3 | V4: 105.5 | W4: 104.8 | X4: 104 | Y4: 103.2 | Z4: 103.1 | AA4: 103.6 | AB4: 104.5 | AC4: 103.9 | AD4: 104.6 | AE4: =SUM(D4:P4) -> 1373.3 | AF4: =SUM(Q4) -> 105.1 | AG4: =SUM(R4:T4) -> 318 | AH4: =SUM(U4:W4) -> 310.6 | AI4: =SUM(X4,AA4,AB4) -> 312.1 | AJ4: =SUM(Y4) -> 103.2 | AK4: =SUM(Z4) -> 103.1 | AL4: =SUM(AC4) -> 103.9
A5: Rural | B5: 2013 | C5: February | D5: 109.2 | E5: 108.7 | F5: 110.2 | G5: 105.4 | H5: 106.7 | I5: 104 | J5: 102.4 | K5: 105.9 | L5: 105.7 | M5: 103.1 | N5: 105.1 | O5: 107.7 | P5: 106.3 | Q5: 105.6 | R5: 107.1 | S5: 106.3 | T5: 107 | U5: NA | V5: 106.2 | W5: 105.2 | X5: 104.4 | Y5: 103.9 | Z5: 104 | AA5: 104.1 | AB5: 104.6 | AC5: 104.4 | AD5: 105.8 | AE5: =SUM(D5:P5) -> 1380.4 | AF5: =SUM(Q5) -> 105.6 | AG5: =SUM(R5:T5) -> 320.4 | AH5: =SUM(U5:W5) -> 211.4 | AI5: =SUM(X5,AA5,AB5) -> 313.1 | AJ5: =SUM(Y5) -> 103.9 | AK5: =SUM(Z5) -> 104 | AL5: =SUM(AC5) -> 104.4
A6: Urban | B6: 2013 | C6: February | D6: 112.9 | E6: 112.9 | F6: 116.9 | G6: 104 | H6: 103.5 | I6: 103.1 | J6: 104.9 | K6: 104.1 | L6: 103.8 | M6: 102.3 | N6: 106 | O6: 109 | P6: 107.2 | Q6: 106 | R6: 106.6 | S6: 105.5 | T6: 106.4 | U6: 100.4 | V6: 105.7 | W6: 105.2 | X6: 104.7 | Y6: 104.4 | Z6: 103.3 | AA6: 103.7 | AB6: 104.3 | AC6: 104.3 | AD6: 104.7 | AE6: =SUM(D6:P6) -> 1390.6 | AF6: =SUM(Q6) -> 106 | AG6: =SUM(R6:T6) -> 318.5 | AH6: =SUM(U6:W6) -> 311.3 | AI6: =SUM(X6,AA6,AB6) -> 312.7 | AJ6: =SUM(Y6) -> 104.4 | AK6: =SUM(Z6) -> 103.3 | AL6: =SUM(AC6) -> 104.3
A7: Rural+Urban | B7: 2013 | C7: February | D7: 110.4 | E7: 110.2 | F7: 112.8 | G7: 104.9 | H7: 105.5 | I7: 103.6 | J7: 103.2 | K7: 105.3 | L7: 105.1 | M7: 102.8 | N7: 105.5 | O7: 108.3 | P7: 106.6 | Q7: 105.7 | R7: 106.9 | S7: 106 | T7: 106.8 | U7: 100.4 | V7: 106 | W7: 105.2 | X7: 104.5 | Y7: 104.2 | Z7: 103.6 | AA7: 103.9 | AB7: 104.5 | AC7: 104.4 | AD7: 105.3 | AE7: =SUM(D7:P7) -> 1384.2 | AF7: =SUM(Q7) -> 105.7 | AG7: =SUM(R7:T7) -> 319.7 | AH7: =SUM(U7:W7) -> 311.6 | AI7: =SUM(X7,AA7,AB7) -> 312.9 | AJ7: =SUM(Y7) -> 104.2 | AK7: =SUM(Z7) -> 103.6 | AL7: =SUM(AC7) -> 104.4
A8: Rural | B8: 2013 | C8: March | D8: 110.2 | E8: 108.8 | F8: 109.9 | G8: 105.6 | H8: 106.2 | I8: 105.7 | J8: 101.4 | K8: 105.7 | L8: 105 | M8: 103.3 | N8: 105.6 | O8: 108.2 | P8: 106.6 | Q8: 106.5 | R8: 107.6 | S8: 106.8 | T8: 107.5 | U8: NA | V8: 106.1 | W8: 105.6 | X8: 104.7 | Y8: 104.6 | Z8: 104 | AA8: 104.3 | AB8: 104.3 | AC8: 104.6 | AD8: 106 | AE8: =SUM(D8:P8) -> 1382.2 | AF8: =SUM(Q8) -> 106.5 | AG8: =SUM(R8:T8) -> 321.9 | AH8: =SUM(U8:W8) -> 211.7 | AI8: =SUM(X8,AA8,AB8) -> 313.3 | AJ8: =SUM(Y8) -> 104.6 | AK8: =SUM(Z8) -> 104 | AL8: =SUM(AC8) -> 104.6
A9: Urban | B9: 2013 | C9: March | D9: 113.9 | E9: 111.4 | F9: 113.2 | G9: 104.3 | H9: 102.7 | I9: 104.9 | J9: 103.8 | K9: 103.5 | L9: 102.6 | M9: 102.4 | N9: 107 | O9: 109.8 | P9: 107.3 | Q9: 106.8 | R9: 107.2 | S9: 106 | T9: 107 | U9: 100.4 | V9: 106 | W9: 105.7 | X9: 105.2 | Y9: 105.5 | Z9: 103.5 | AA9: 103.8 | AB9: 104.2 | AC9: 104.9 | AD9: 105 | AE9: =SUM(D9:P9) -> 1386.8 | AF9: =SUM(Q9) -> 106.8 | AG9: =SUM(R9:T9) -> 320.2 | AH9: =SUM(U9:W9) -> 312.1 | AI9: =SUM(X9,AA9,AB9) -> 313.2 | AJ9: =SUM(Y9) -> 105.5 | AK9: =SUM(Z9) -> 103.5 | AL9: =SUM(AC9) -> 104.9
A10: Rural+Urban | B10: 2013 | C10: March | D10: 111.4 | E10: 109.7 | F10: 111.2 | G10: 105.1 | H10: 104.9 | I10: 105.3 | J10: 102.2 | K10: 105 | L10: 104.2 | M10: 103 | N10: 106.2 | O10: 108.9 | P10: 106.9 | Q10: 106.6 | R10: 107.4 | S10: 106.5 | T10: 107.3 | U10: 100.4 | V10: 106.1 | W10: 105.6 | X10: 104.9 | Y10: 105.1 | Z10: 103.7 | AA10: 104 | AB10: 104.3 | AC10: 104.7 | AD10: 105.5 | AE10: =SUM(D10:P10) -> 1384 | AF10: =SUM(Q10) -> 106.6 | AG10: =SUM(R10:T10) -> 321.2 | AH10: =SUM(U10:W10) -> 312.1 | AI10: =SUM(X10,AA10,AB10) -> 313.2 | AJ10: =SUM(Y10) -> 105.1 | AK10: =SUM(Z10) -> 103.7 | AL10: =SUM(AC10) -> 104.7
A11: Rural | B11: 2013 | C11: April | D11: 110.2 | E11: 109.5 | F11: 106.9 | G11: 106.3 | H11: 105.7 | I11: 108.3 | J11: 103.4 | K11: 105.7 | L11: 104.2 | M11: 103.2 | N11: 106.5 | O11: 108.8 | P11: 107.1 | Q11: 107.1 | R11: 108.1 | S11: 107.4 | T11: 108 | U11: NA | V11: 106.5 | W11: 106.1 | X11: 105.1 | Y11: 104.4 | Z11: 104.5 | AA11: 104.8 | AB11: 102.7 | AC11: 104.6 | AD11: 106.4 | AE11: =SUM(D11:P11) -> 1385.8 | AF11: =SUM(Q11) -> 107.1 | AG11: =SUM(R11:T11) -> 323.5 | AH11: =SUM(U11:W11) -> 212.6 | AI11: =SUM(X11,AA11,AB11) -> 312.6 | AJ11: =SUM(Y11) -> 104.4 | AK11: =SUM(Z11) -> 104.5 | AL11: =SUM(AC11) -> 104.6
A12: Urban | B12: 2013 | C12: April | D12: 114.6 | E12: 113.4 | F12: 106 | G12: 104.7 | H12: 102.1 | I12: 109.5 | J12: 109.7 | K12: 104.6 | L12: 102 | M12: 103.5 | N12: 108.2 | O12: 110.6 | P12: 108.8 | Q12: 108.5 | R12: 107.9 | S12: 106.4 | T12: 107.7 | U12: 100.5 | V12: 106.4 | W12: 106.5 | X12: 105.7 | Y12: 105 | Z12: 104 | AA12: 105.2 | AB12: 103.2 | AC12: 105.1 | AD12: 105.7 | AE12: =SUM(D12:P12) -> 1397.7 | AF12: =SUM(Q12) -> 108.5 | AG12: =SUM(R12:T12) -> 322 | AH12: =SUM(U12:W12) -> 313.4 | AI12: =SUM(X12,AA12,AB12) -> 314.1 | AJ12: =SUM(Y12) -> 105 | AK12: =SUM(Z12) -> 104 | AL12: =SUM(AC12) -> 105.1
A13: Rural+Urban | B13: 2013 | C13: April | D13: 111.6 | E13: 110.9 | F13: 106.6 | G13: 105.7 | H13: 104.4 | I13: 108.9 | J13: 105.5 | K13: 105.3 | L13: 103.5 | M13: 103.3 | N13: 107.2 | O13: 109.6 | P13: 107.7 | Q13: 107.5 | R13: 108 | S13: 107 | T13: 107.9 | U13: 100.5 | V13: 106.5 | W13: 106.3 | X13: 105.3 | Y13: 104.7 | Z13: 104.2 | AA13: 105 | AB13: 102.9 | AC13: 104.8 | AD13: 106.1 | AE13: =SUM(D13:P13) -> 1390.2 | AF13: =SUM(Q13) -> 107.5 | AG13: =SUM(R13:T13) -> 322.9 | AH13: =SUM(U13:W13) -> 313.3 | AI13: =SUM(X13,AA13,AB13) -> 313.2 | AJ13: =SUM(Y13) -> 104.7 | AK13: =SUM(Z13) -> 104.2 | AL13: =SUM(AC13) -> 104.8
A14: Rural | B14: 2013 | C14: May | D14: 110.9 | E14: 109.8 | F14: 105.9 | G14: 107.5 | H14: 105.3 | I14: 108.1 | J14: 107.3 | K14: 106.1 | L14: 103.7 | M14: 104 | N14: 107.4 | O14: 109.9 | P14: 108.1 | Q14: 108.1 | R14: 108.8 | S14: 107.9 | T14: 108.6 | U14: NA | V14: 107.5 | W14: 106.8 | X14: 105.7 | Y14: 104.1 | Z14: 105 | AA14: 105.5 | AB14: 102.1 | AC14: 104.8 | AD14: 107.2 | AE14: =SUM(D14:P14) -> 1394 | AF14: =SUM(Q14) -> 108.1 | AG14: =SUM(R14:T14) -> 325.3 | AH14: =SUM(U14:W14) -> 214.3 | AI14: =SUM(X14,AA14,AB14) -> 313.3 | AJ14: =SUM(Y14) -> 104.1 | AK14: =SUM(Z14) -> 105 | AL14: =SUM(AC14) -> 104.8
A15: Urban | B15: 2013 | C15: May | D15: 115.4 | E15: 114.2 | F15: 102.7 | G15: 105.5 | H15: 101.5 | I15: 110.6 | J15: 123.7 | K15: 105.2 | L15: 101.9 | M15: 105 | N15: 109.1 | O15: 111.3 | P15: 111.1 | Q15: 109.8 | R15: 108.5 | S15: 106.7 | T15: 108.3 | U15: 100.5 | V15: 107.2 | W15: 107.1 | X15: 106.2 | Y15: 103.9 | Z15: 104.6 | AA15: 105.7 | AB15: 102.6 | AC15: 104.9 | AD15: 106.6 | AE15: =SUM(D15:P15) -> 1417.2 | AF15: =SUM(Q15) -> 109.8 | AG15: =SUM(R15:T15) -> 323.5 | AH15: =SUM(U15:W15) -> 314.8 | AI15: =SUM(X15,AA15,AB15) -> 314.5 | AJ15: =SUM(Y15) -> 103.9 | AK15: =SUM(Z15) -> 104.6 | AL15: =SUM(AC15) -> 104.9
A16: Rural+Urban | B16: 2013 | C16: May | D16: 112.3 | E16: 111.3 | F16: 104.7 | G16: 106.8 | H16: 103.9 | I16: 109.3 | J16: 112.9 | K16: 105.8 | L16: 103.1 | M16: 104.3 | N16: 108.1 | O16: 110.5 | P16: 109.2 | Q16: 108.6 | R16: 108.7 | S16: 107.4 | T16: 108.5 | U16: 100.5 | V16: 107.4 | W16: 106.9 | X16: 105.9 | Y16: 104 | Z16: 104.8 | AA16: 105.6 | AB16: 102.3 | AC16: 104.8 | AD16: 106.9 | AE16: =SUM(D16:P16) -> 1402.2 | AF16: =SUM(Q16) -> 108.6 | AG16: =SUM(R16:T16) -> 324.6 | AH16: =SUM(U16:W16) -> 314.8 | AI16: =SUM(X16,AA16,AB16) -> 313.8 | AJ16: =SUM(Y16) -> 104 | AK16: =SUM(Z16) -> 104.8 | AL16: =SUM(AC16) -> 104.8
A17: Rural | B17: 2013 | C17: June | D17: 112.3 | E17: 112.1 | F17: 108.1 | G17: 108.3 | H17: 105.9 | I17: 109.2 | J17: 118 | K17: 106.8 | L17: 104.1 | M17: 105.4 | N17: 108.2 | O17: 111 | P17: 110.6 | Q17: 109 | R17: 109.7 | S17: 108.8 | T17: 109.5 | U17: NA | V17: 108.5 | W17: 107.5 | X17: 106.3 | Y17: 105 | Z17: 105.6 | AA17: 106.5 | AB17: 102.5 | AC17: 105.5 | AD17: 108.9 | AE17: =SUM(D17:P17) -> 1420 | AF17: =SUM(Q17) -> 109 | AG17: =SUM(R17:T17) -> 328 | AH17: =SUM(U17:W17) -> 216 | AI17: =SUM(X17,AA17,AB17) -> 315.3 | AJ17: =SUM(Y17) -> 105 | AK17: =SUM(Z17) -> 105.6 | AL17: =SUM(AC17) -> 105.5
A18: Urban | B18: 2013 | C18: June | D18: 117 | E18: 120.1 | F18: 112.5 | G18: 107.3 | H18: 101.3 | I18: 112.4 | J18: 143.6 | K18: 105.4 | L18: 101.4 | M18: 106.4 | N18: 110 | O18: 112.2 | P18: 115 | Q18: 110.9 | R18: 109.2 | S18: 107.2 | T18: 108.9 | U18: 106.6 | V18: 108 | W18: 107.7 | X18: 106.5 | Y18: 105.2 | Z18: 105.2 | AA18: 108.1 | AB18: 103.3 | AC18: 106.1 | AD18: 109.7 | AE18: =SUM(D18:P18) -> 1464.6 | AF18: =SUM(Q18) -> 110.9 | AG18: =SUM(R18:T18) -> 325.3 | AH18: =SUM(U18:W18) -> 322.3 | AI18: =SUM(X18,AA18,AB18) -> 317.9 | AJ18: =SUM(Y18) -> 105.2 | AK18: =SUM(Z18) -> 105.2 | AL18: =SUM(AC18) -> 106.1
A19: Rural+Urban | B19: 2013 | C19: June | D19: 113.8 | E19: 114.9 | F19: 109.8 | G19: 107.9 | H19: 104.2 | I19: 110.7 | J19: 126.7 | K19: 106.3 | L19: 103.2 | M19: 105.7 | N19: 109 | O19: 111.6 | P19: 112.2 | Q19: 109.5 | R19: 109.5 | S19: 108.1 | T19: 109.3 | U19: 106.6 | V19: 108.3 | W19: 107.6 | X19: 106.4 | Y19: 105.1 | Z19: 105.4 | AA19: 107.4 | AB19: 102.8 | AC19: 105.8 | AD19: 109.3 | AE19: =SUM(D19:P19) -> 1436 | AF19: =SUM(Q19) -> 109.5 | AG19: =SUM(R19:T19) -> 326.9 | AH19: =SUM(U19:W19) -> 322.5 | AI19: =SUM(X19,AA19,AB19) -> 316.6 | AJ19: =SUM(Y19) -> 105.1 | AK19: =SUM(Z19) -> 105.4 | AL19: =SUM(AC19) -> 105.8
A20: Rural | B20: 2013 | C20: July | D20: 113.4 | E20: 114.9 | F20: 110.5 | G20: 109.3 | H20: 106.2 | I20: 110.3 | J20: 129.2 | K20: 107.1 | L20: 104.3 | M20: 106.4 | N20: 109.1 | O20: 112.1 | P20: 113.1 | Q20: 109.8 | R20: 110.5 | S20: 109.5 | T20: 110.3 | U20: NA | V20: 109.5 | W20: 108.3 | X20: 106.9 | Y20: 106.8 | Z20: 106.4 | AA20: 107.8 | AB20: 102.5 | AC20: 106.5 | AD20: 110.7 | AE20: =SUM(D20:P20) -> 1445.9 | AF20: =SUM(Q20) -> 109.8 | AG20: =SUM(R20:T20) -> 330.3 | AH20: =SUM(U20:W20) -> 217.8 | AI20: =SUM(X20,AA20,AB20) -> 317.2 | AJ20: =SUM(Y20) -> 106.8 | AK20: =SUM(Z20) -> 106.4 | AL20: =SUM(AC20) -> 106.5
A21: Urban | B21: 2013 | C21: July | D21: 117.8 | E21: 119.2 | F21: 114 | G21: 108.3 | H21: 101.1 | I21: 113.2 | J21: 160.9 | K21: 105.1 | L21: 101.3 | M21: 107.5 | N21: 110.4 | O21: 113.1 | P21: 117.5 | Q21: 111.7 | R21: 109.8 | S21: 107.8 | T21: 109.5 | U21: 107.7 | V21: 108.6 | W21: 108.1 | X21: 107.1 | Y21: 107.3 | Z21: 105.9 | AA21: 110.1 | AB21: 103.2 | AC21: 107.3 | AD21: 111.4 | AE21: =SUM(D21:P21) -> 1489.4 | AF21: =SUM(Q21) -> 111.7 | AG21: =SUM(R21:T21) -> 327.1 | AH21: =SUM(U21:W21) -> 324.4 | AI21: =SUM(X21,AA21,AB21) -> 320.4 | AJ21: =SUM(Y21) -> 107.3 | AK21: =SUM(Z21) -> 105.9 | AL21: =SUM(AC21) -> 107.3
A22: Rural+Urban | B22: 2013 | C22: July | D22: 114.8 | E22: 116.4 | F22: 111.9 | G22: 108.9 | H22: 104.3 | I22: 111.7 | J22: 140 | K22: 106.4 | L22: 103.3 | M22: 106.8 | N22: 109.6 | O22: 112.6 | P22: 114.7 | Q22: 110.3 | R22: 110.2 | S22: 108.8 | T22: 110 | U22: 107.7 | V22: 109.2 | W22: 108.2 | X22: 107 | Y22: 107.1 | Z22: 106.1 | AA22: 109.1 | AB22: 102.8 | AC22: 106.9 | AD22: 111 | AE22: =SUM(D22:P22) -> 1461.4 | AF22: =SUM(Q22) -> 110.3 | AG22: =SUM(R22:T22) -> 329 | AH22: =SUM(U22:W22) -> 325.1 | AI22: =SUM(X22,AA22,AB22) -> 318.9 | AJ22: =SUM(Y22) -> 107.1 | AK22: =SUM(Z22) -> 106.1 | AL22: =SUM(AC22) -> 106.9
A23: Rural | B23: 2013 | C23: August | D23: 114.3 | E23: 115.4 | F23: 111.1 | G23: 110 | H23: 106.4 | I23: 110.8 | J23: 138.9 | K23: 107.4 | L23: 104.1 | M23: 106.9 | N23: 109.7 | O23: 112.6 | P23: 114.9 | Q23: 110.7 | R23: 111.3 | S23: 110.2 | T23: 111.1 | U23: NA | V23: 109.9 | W23: 108.7 | X23: 107.5 | Y23: 107.8 | Z23: 106.8 | AA23: 108.7 | AB23: 105 | AC23: 107.5 | AD23: 112.1 | AE23: =SUM(D23:P23) -> 1462.5 | AF23: =SUM(Q23) -> 110.7 | AG23: =SUM(R23:T23) -> 332.6 | AH23: =SUM(U23:W23) -> 218.6 | AI23: =SUM(X23,AA23,AB23) -> 321.2 | AJ23: =SUM(Y23) -> 107.8 | AK23: =SUM(Z23) -> 106.8 | AL23: =SUM(AC23) -> 107.5
A24: Urban | B24: 2013 | C24: August | D24: 118.3 | E24: 120.4 | F24: 112.7 | G24: 108.9 | H24: 101.1 | I24: 108.7 | J24: 177 | K24: 104.7 | L24: 101 | M24: 108.5 | N24: 110.9 | O24: 114.3 | P24: 119.6 | Q24: 112.4 | R24: 110.6 | S24: 108.3 | T24: 110.2 | U24: 108.9 | V24: 109.3 | W24: 108.7 | X24: 107.6 | Y24: 108.1 | Z24: 106.5 | AA24: 110.8 | AB24: 106 | AC24: 108.3 | AD24: 112.7 | AE24: =SUM(D24:P24) -> 1506.1 | AF24: =SUM(Q24) -> 112.4 | AG24: =SUM(R24:T24) -> 329.1 | AH24: =SUM(U24:W24) -> 326.9 | AI24: =SUM(X24,AA24,AB24) -> 324.4 | AJ24: =SUM(Y24) -> 108.1 | AK24: =SUM(Z24) -> 106.5 | AL24: =SUM(AC24) -> 108.3
A25: Rural+Urban | B25: 2013 | C25: August | D25: 115.6 | E25: 117.2 | F25: 111.7 | G25: 109.6 | H25: 104.5 | I25: 109.8 | J25: 151.8 | K25: 106.5 | L25: 103.1 | M25: 107.4 | N25: 110.2 | O25: 113.4 | P25: 116.6 | Q25: 111.2 | R25: 111 | S25: 109.4 | T25: 110.7 | U25: 108.9 | V25: 109.7 | W25: 108.7 | X25: 107.5 | Y25: 108 | Z25: 106.6 | AA25: 109.9 | AB25: 105.4 | AC25: 107.9 | AD25: 112.4 | AE25: =SUM(D25:P25) -> 1477.4 | AF25: =SUM(Q25) -> 111.2 | AG25: =SUM(R25:T25) -> 331.1 | AH25: =SUM(U25:W25) -> 327.3 | AI25: =SUM(X25,AA25,AB25) -> 322.8 | AJ25: =SUM(Y25) -> 108 | AK25: =SUM(Z25) -> 106.6 | AL25: =SUM(AC25) -> 107.9
A26: Rural | B26: 2013 | C26: September | D26: 115.4 | E26: 115.7 | F26: 111.7 | G26: 111 | H26: 107.4 | I26: 110.9 | J26: 154 | K26: 108.1 | L26: 104.2 | M26: 107.9 | N26: 110.4 | O26: 114 | P26: 117.8 | Q26: 111.7 | R26: 112.7 | S26: 111.4 | T26: 112.5 | U26: NA | V26: 111.1 | W26: 109.6 | X26: 108.3 | Y26: 109.3 | Z26: 107.7 | AA26: 109.8 | AB26: 106.7 | AC26: 108.7 | AD26: 114.2 | AE26: =SUM(D26:P26) -> 1488.5 | AF26: =SUM(Q26) -> 111.7 | AG26: =SUM(R26:T26) -> 336.6 | AH26: =SUM(U26:W26) -> 220.7 | AI26: =SUM(X26,AA26,AB26) -> 324.8 | AJ26: =SUM(Y26) -> 109.3 | AK26: =SUM(Z26) -> 107.7 | AL26: =SUM(AC26) -> 108.7
A27: Urban | B27: 2013 | C27: September | D27: 118.6 | E27: 119.1 | F27: 113.2 | G27: 109.6 | H27: 101.7 | I27: 103.2 | J27: 174.3 | K27: 105.1 | L27: 100.8 | M27: 109.1 | N27: 111.1 | O27: 115.4 | P27: 119.2 | Q27: 112.9 | R27: 111.4 | S27: 109 | T27: 111.1 | U27: 109.7 | V27: 109.5 | W27: 109.6 | X27: 107.9 | Y27: 110.4 | Z27: 107.4 | AA27: 111.2 | AB27: 106.9 | AC27: 109.4 | AD27: 113.2 | AE27: =SUM(D27:P27) -> 1500.4 | AF27: =SUM(Q27) -> 112.9 | AG27: =SUM(R27:T27) -> 331.5 | AH27: =SUM(U27:W27) -> 328.8 | AI27: =SUM(X27,AA27,AB27) -> 326 | AJ27: =SUM(Y27) -> 110.4 | AK27: =SUM(Z27) -> 107.4 | AL27: =SUM(AC27) -> 109.4
A28: Rural+Urban | B28: 2013 | C28: September | D28: 116.4 | E28: 116.9 | F28: 112.3 | G28: 110.5 | H28: 105.3 | I28: 107.3 | J28: 160.9 | K28: 107.1 | L28: 103.1 | M28: 108.3 | N28: 110.7 | O28: 114.6 | P28: 118.3 | Q28: 112 | R28: 112.2 | S28: 110.4 | T28: 111.9 | U28: 109.7 | V28: 110.5 | W28: 109.6 | X28: 108.1 | Y28: 109.9 | Z28: 107.5 | AA28: 110.6 | AB28: 106.8 | AC28: 109 | AD28: 113.7 | AE28: =SUM(D28:P28) -> 1491.7 | AF28: =SUM(Q28) -> 112 | AG28: =SUM(R28:T28) -> 334.5 | AH28: =SUM(U28:W28) -> 329.8 | AI28: =SUM(X28,AA28,AB28) -> 325.5 | AJ28: =SUM(Y28) -> 109.9 | AK28: =SUM(Z28) -> 107.5 | AL28: =SUM(AC28) -> 109
A29: Rural | B29: 2013 | C29: October | D29: 116.3 | E29: 115.4 | F29: 112.6 | G29: 111.7 | H29: 107.7 | I29: 113.2 | J29: 164.9 | K29: 108.3 | L29: 103.9 | M29: 108.2 | N29: 111.1 | O29: 114.9 | P29: 119.8 | Q29: 112.2 | R29: 113.6 | S29: 112.3 | T29: 113.4 | U29: NA | V29: 111.6 | W29: 110.4 | X29: 108.9 | Y29: 109.3 | Z29: 108.3 | AA29: 110.2 | AB29: 107.5 | AC29: 109.1 | AD29: 115.5 | AE29: =SUM(D29:P29) -> 1508 | AF29: =SUM(Q29) -> 112.2 | AG29: =SUM(R29:T29) -> 339.3 | AH29: =SUM(U29:W29) -> 222 | AI29: =SUM(X29,AA29,AB29) -> 326.6 | AJ29: =SUM(Y29) -> 109.3 | AK29: =SUM(Z29) -> 108.3 | AL29: =SUM(AC29) -> 109.1
A30: Urban | B30: 2013 | C30: October | D30: 118.9 | E30: 118.1 | F30: 114.5 | G30: 110.4 | H30: 102.3 | I30: 106.2 | J30: 183.5 | K30: 105.3 | L30: 100.2 | M30: 109.6 | N30: 111.4 | O30: 116 | P30: 120.8 | Q30: 113.5 | R30: 112.5 | S30: 109.7 | T30: 112 | U30: 110.5 | V30: 109.7 | W30: 110.2 | X30: 108.2 | Y30: 109.7 | Z30: 108 | AA30: 111.3 | AB30: 107.3 | AC30: 109.4 | AD30: 114 | AE30: =SUM(D30:P30) -> 1517.2 | AF30: =SUM(Q30) -> 113.5 | AG30: =SUM(R30:T30) -> 334.2 | AH30: =SUM(U30:W30) -> 330.4 | AI30: =SUM(X30,AA30,AB30) -> 326.8 | AJ30: =SUM(Y30) -> 109.7 | AK30: =SUM(Z30) -> 108 | AL30: =SUM(AC30) -> 109.4
A31: Rural+Urban | B31: 2013 | C31: October | D31: 117.1 | E31: 116.3 | F31: 113.3 | G31: 111.2 | H31: 105.7 | I31: 109.9 | J31: 171.2 | K31: 107.3 | L31: 102.7 | M31: 108.7 | N31: 111.2 | O31: 115.4 | P31: 120.2 | Q31: 112.5 | R31: 113.2 | S31: 111.2 | T31: 112.8 | U31: 110.5 | V31: 110.9 | W31: 110.3 | X31: 108.6 | Y31: 109.5 | Z31: 108.1 | AA31: 110.8 | AB31: 107.4 | AC31: 109.2 | AD31: 114.8 | AE31: =SUM(D31:P31) -> 1510.2 | AF31: =SUM(Q31) -> 112.5 | AG31: =SUM(R31:T31) -> 337.2 | AH31: =SUM(U31:W31) -> 331.7 | AI31: =SUM(X31,AA31,AB31) -> 326.8 | AJ31: =SUM(Y31) -> 109.5 | AK31: =SUM(Z31) -> 108.1 | AL31: =SUM(AC31) -> 109.2
A32: Rural | B32: 2013 | C32: November | D32: 117.3 | E32: 114.9 | F32: 116.2 | G32: 112.8 | H32: 108.9 | I32: 116.6 | J32: 178.1 | K32: 109.1 | L32: 103.6 | M32: 109 | N32: 111.8 | O32: 116 | P32: 122.5 | Q32: 112.8 | R32: 114.6 | S32: 113.1 | T32: 114.4 | U32: NA | V32: 112.6 | W32: 111.3 | X32: 109.7 | Y32: 109.6 | Z32: 108.7 | AA32: 111 | AB32: 108.2 | AC32: 109.8 | AD32: 117.4 | AE32: =SUM(D32:P32) -> 1536.8 | AF32: =SUM(Q32) -> 112.8 | AG32: =SUM(R32:T32) -> 342.1 | AH32: =SUM(U32:W32) -> 223.9 | AI32: =SUM(X32,AA32,AB32) -> 328.9 | AJ32: =SUM(Y32) -> 109.6 | AK32: =SUM(Z32) -> 108.7 | AL32: =SUM(AC32) -> 109.8
A33: Urban | B33: 2013 | C33: November | D33: 119.8 | E33: 116.3 | F33: 122.6 | G33: 112 | H33: 103.2 | I33: 110 | J33: 192.8 | K33: 106.3 | L33: 99.5 | M33: 110.3 | N33: 111.8 | O33: 117.1 | P33: 122.9 | Q33: 114.1 | R33: 113.5 | S33: 110.3 | T33: 113 | U33: 111.1 | V33: 110 | W33: 110.9 | X33: 108.6 | Y33: 109.5 | Z33: 108.5 | AA33: 111.3 | AB33: 107.9 | AC33: 109.6 | AD33: 115 | AE33: =SUM(D33:P33) -> 1544.6 | AF33: =SUM(Q33) -> 114.1 | AG33: =SUM(R33:T33) -> 336.8 | AH33: =SUM(U33:W33) -> 332 | AI33: =SUM(X33,AA33,AB33) -> 327.8 | AJ33: =SUM(Y33) -> 109.5 | AK33: =SUM(Z33) -> 108.5 | AL33: =SUM(AC33) -> 109.6
A34: Rural+Urban | B34: 2013 | C34: November | D34: 118.1 | E34: 115.4 | F34: 118.7 | G34: 112.5 | H34: 106.8 | I34: 113.5 | J34: 183.1 | K34: 108.2 | L34: 102.2 | M34: 109.4 | N34: 111.8 | O34: 116.5 | P34: 122.6 | Q34: 113.1 | R34: 114.2 | S34: 111.9 | T34: 113.8 | U34: 111.1 | V34: 111.6 | W34: 111.1 | X34: 109.3 | Y34: 109.5 | Z34: 108.6 | AA34: 111.2 | AB34: 108.1 | AC34: 109.7 | AD34: 116.3 | AE34: =SUM(D34:P34) -> 1538.8 | AF34: =SUM(Q34) -> 113.1 | AG34: =SUM(R34:T34) -> 339.9 | AH34: =SUM(U34:W34) -> 333.8 | AI34: =SUM(X34,AA34,AB34) -> 328.6 | AJ34: =SUM(Y34) -> 109.5 | AK34: =SUM(Z34) -> 108.6 | AL34: =SUM(AC34) -> 109.7
A35: Rural | B35: 2013 | C35: December | D35: 118.4 | E35: 115.9 | F35: 120.4 | G35: 113.8 | H35: 109.5 | I35: 115.5 | J35: 145.7 | K35: 109.5 | L35: 102.9 | M35: 109.8 | N35: 112.1 | O35: 116.8 | P35: 118.7 | Q35: 113.6 | R35: 115.8 | S35: 114 | T35: 115.5 | U35: NA | V35: 112.8 | W35: 112.1 | X35: 110.1 | Y35: 109.9 | Z35: 109.2 | AA35: 111.6 | AB35: 108.1 | AC35: 110.1 | AD35: 115.5 | AE35: =SUM(D35:P35) -> 1509 | AF35: =SUM(Q35) -> 113.6 | AG35: =SUM(R35:T35) -> 345.3 | AH35: =SUM(U35:W35) -> 224.9 | AI35: =SUM(X35,AA35,AB35) -> 329.8 | AJ35: =SUM(Y35) -> 109.9 | AK35: =SUM(Z35) -> 109.2 | AL35: =SUM(AC35) -> 110.1
A36: Urban | B36: 2013 | C36: December | D36: 120.5 | E36: 118.1 | F36: 128.5 | G36: 112.8 | H36: 103.4 | I36: 110.7 | J36: 144.8 | K36: 107.1 | L36: 98.6 | M36: 111.9 | N36: 112.1 | O36: 118.1 | P36: 117.8 | Q36: 115 | R36: 114.2 | S36: 110.9 | T36: 113.7 | U36: 110.7 | V36: 110.4 | W36: 111.3 | X36: 109 | Y36: 109.7 | Z36: 108.9 | AA36: 111.4 | AB36: 107.7 | AC36: 109.8 | AD36: 113.3 | AE36: =SUM(D36:P36) -> 1504.4 | AF36: =SUM(Q36) -> 115 | AG36: =SUM(R36:T36) -> 338.8 | AH36: =SUM(U36:W36) -> 332.4 | AI36: =SUM(X36,AA36,AB36) -> 328.1 | AJ36: =SUM(Y36) -> 109.7 | AK36: =SUM(Z36) -> 108.9 | AL36: =SUM(AC36) -> 109.8
A37: Rural+Urban | B37: 2013 | C37: December | D37: 119.1 | E37: 116.7 | F37: 123.5 | G37: 113.4 | H37: 107.3 | I37: 113.3 | J37: 145.4 | K37: 108.7 | L37: 101.5 | M37: 110.5 | N37: 112.1 | O37: 117.4 | P37: 118.4 | Q37: 114 | R37: 115.2 | S37: 112.7 | T37: 114.8 | U37: 110.7 | V37: 111.9 | W37: 111.7 | X37: 109.7 | Y37: 109.8 | Z37: 109 | AA37: 111.5 | AB37: 107.9 | AC37: 110 | AD37: 114.5 | AE37: =SUM(D37:P37) -> 1507.3 | AF37: =SUM(Q37) -> 114 | AG37: =SUM(R37:T37) -> 342.7 | AH37: =SUM(U37:W37) -> 334.3 | AI37: =SUM(X37,AA37,AB37) -> 329.1 | AJ37: =SUM(Y37) -> 109.8 | AK37: =SUM(Z37) -> 109 | AL37: =SUM(AC37) -> 110
A38: Rural | B38: 2014 | C38: January | D38: 118.9 | E38: 117.1 | F38: 120.5 | G38: 114.4 | H38: 109 | I38: 115.5 | J38: 123.9 | K38: 109.6 | L38: 101.8 | M38: 110.2 | N38: 112.4 | O38: 117.3 | P38: 116 | Q38: 114 | R38: 116.5 | S38: 114.5 | T38: 116.2 | U38: NA | V38: 113 | W38: 112.6 | X38: 110.6 | Y38: 110.5 | Z38: 109.6 | AA38: 111.8 | AB38: 108.3 | AC38: 110.6 | AD38: 114.2 | AE38: =SUM(D38:P38) -> 1486.6 | AF38: =SUM(Q38) -> 114 | AG38: =SUM(R38:T38) -> 347.2 | AH38: =SUM(U38:W38) -> 225.6 | AI38: =SUM(X38,AA38,AB38) -> 330.7 | AJ38: =SUM(Y38) -> 110.5 | AK38: =SUM(Z38) -> 109.6 | AL38: =SUM(AC38) -> 110.6
A39: Urban | B39: 2014 | C39: January | D39: 121.2 | E39: 122 | F39: 129.9 | G39: 113.6 | H39: 102.9 | I39: 112.1 | J39: 118.9 | K39: 107.5 | L39: 96.9 | M39: 112.7 | N39: 112.1 | O39: 119 | P39: 115.5 | Q39: 115.7 | R39: 114.8 | S39: 111.3 | T39: 114.3 | U39: 111.6 | V39: 111 | W39: 111.9 | X39: 109.7 | Y39: 110.8 | Z39: 109.8 | AA39: 111.5 | AB39: 108 | AC39: 110.5 | AD39: 112.9 | AE39: =SUM(D39:P39) -> 1484.3 | AF39: =SUM(Q39) -> 115.7 | AG39: =SUM(R39:T39) -> 340.4 | AH39: =SUM(U39:W39) -> 334.5 | AI39: =SUM(X39,AA39,AB39) -> 329.2 | AJ39: =SUM(Y39) -> 110.8 | AK39: =SUM(Z39) -> 109.8 | AL39: =SUM(AC39) -> 110.5
A40: Rural+Urban | B40: 2014 | C40: January | D40: 119.6 | E40: 118.8 | F40: 124.1 | G40: 114.1 | H40: 106.8 | I40: 113.9 | J40: 122.2 | K40: 108.9 | L40: 100.2 | M40: 111 | N40: 112.3 | O40: 118.1 | P40: 115.8 | Q40: 114.5 | R40: 115.8 | S40: 113.2 | T40: 115.4 | U40: 111.6 | V40: 112.2 | W40: 112.3 | X40: 110.3 | Y40: 110.7 | Z40: 109.7 | AA40: 111.6 | AB40: 108.2 | AC40: 110.6 | AD40: 113.6 | AE40: =SUM(D40:P40) -> 1485.8 | AF40: =SUM(Q40) -> 114.5 | AG40: =SUM(R40:T40) -> 344.4 | AH40: =SUM(U40:W40) -> 336.1 | AI40: =SUM(X40,AA40,AB40) -> 330.1 | AJ40: =SUM(Y40) -> 110.7 | AK40: =SUM(Z40) -> 109.7 | AL40: =SUM(AC40) -> 110.6
A41: Rural | B41: 2014 | C41: February | D41: 119.4 | E41: 117.7 | F41: 121.2 | G41: 115 | H41: 109 | I41: 116.6 | J41: 116 | K41: 109.8 | L41: 101.1 | M41: 110.4 | N41: 112.9 | O41: 117.8 | P41: 115.3 | Q41: 114.2 | R41: 117.1 | S41: 114.5 | T41: 116.7 | U41: NA | V41: 113.2 | W41: 112.9 | X41: 110.9 | Y41: 110.8 | Z41: 109.9 | AA41: 112 | AB41: 108.7 | AC41: 110.9 | AD41: 114 | AE41: =SUM(D41:P41) -> 1482.2 | AF41: =SUM(Q41) -> 114.2 | AG41: =SUM(R41:T41) -> 348.3 | AH41: =SUM(U41:W41) -> 226.1 | AI41: =SUM(X41,AA41,AB41) -> 331.6 | AJ41: =SUM(Y41) -> 110.8 | AK41: =SUM(Z41) -> 109.9 | AL41: =SUM(AC41) -> 110.9
A42: Urban | B42: 2014 | C42: February | D42: 121.9 | E42: 122 | F42: 124.5 | G42: 115.2 | H42: 102.5 | I42: 114.1 | J42: 111.5 | K42: 108.2 | L42: 95.4 | M42: 113.5 | N42: 112.1 | O42: 119.9 | P42: 115.2 | Q42: 116.2 | R42: 115.3 | S42: 111.7 | T42: 114.7 | U42: 112.5 | V42: 111.1 | W42: 112.6 | X42: 110.4 | Y42: 111.3 | Z42: 110.3 | AA42: 111.6 | AB42: 108.7 | AC42: 111 | AD42: 113.1 | AE42: =SUM(D42:P42) -> 1476 | AF42: =SUM(Q42) -> 116.2 | AG42: =SUM(R42:T42) -> 341.7 | AH42: =SUM(U42:W42) -> 336.2 | AI42: =SUM(X42,AA42,AB42) -> 330.7 | AJ42: =SUM(Y42) -> 111.3 | AK42: =SUM(Z42) -> 110.3 | AL42: =SUM(AC42) -> 111
A43: Rural+Urban | B43: 2014 | C43: February | D43: 120.2 | E43: 119.2 | F43: 122.5 | G43: 115.1 | H43: 106.6 | I43: 115.4 | J43: 114.5 | K43: 109.3 | L43: 99.2 | M43: 111.4 | N43: 112.6 | O43: 118.8 | P43: 115.3 | Q43: 114.7 | R43: 116.4 | S43: 113.3 | T43: 115.9 | U43: 112.5 | V43: 112.4 | W43: 112.8 | X43: 110.7 | Y43: 111.1 | Z43: 110.1 | AA43: 111.8 | AB43: 108.7 | AC43: 110.9 | AD43: 113.6 | AE43: =SUM(D43:P43) -> 1480.1 | AF43: =SUM(Q43) -> 114.7 | AG43: =SUM(R43:T43) -> 345.6 | AH43: =SUM(U43:W43) -> 337.7 | AI43: =SUM(X43,AA43,AB43) -> 331.2 | AJ43: =SUM(Y43) -> 111.1 | AK43: =SUM(Z43) -> 110.1 | AL43: =SUM(AC43) -> 110.9
A44: Rural | B44: 2014 | C44: March | D44: 120.1 | E44: 118.1 | F44: 120.7 | G44: 116.1 | H44: 109.3 | I44: 119.6 | J44: 117.9 | K44: 110.2 | L44: 101.2 | M44: 110.7 | N44: 113 | O44: 118.3 | P44: 116.2 | Q44: 114.6 | R44: 117.5 | S44: 114.9 | T44: 117.2 | U44: NA | V44: 113.4 | W44: 113.4 | X44: 111.4 | Y44: 111.2 | Z44: 110.2 | AA44: 112.4 | AB44: 108.9 | AC44: 111.3 | AD44: 114.6 | AE44: =SUM(D44:P44) -> 1491.4 | AF44: =SUM(Q44) -> 114.6 | AG44: =SUM(R44:T44) -> 349.6 | AH44: =SUM(U44:W44) -> 226.8 | AI44: =SUM(X44,AA44,AB44) -> 332.7 | AJ44: =SUM(Y44) -> 111.2 | AK44: =SUM(Z44) -> 110.2 | AL44: =SUM(AC44) -> 111.3
A45: Urban | B45: 2014 | C45: March | D45: 122.1 | E45: 121.4 | F45: 121.5 | G45: 116.2 | H45: 102.8 | I45: 117.7 | J45: 113.3 | K45: 108.9 | L45: 96.3 | M45: 114.1 | N45: 112.2 | O45: 120.5 | P45: 116 | Q45: 116.7 | R45: 115.8 | S45: 112.1 | T45: 115.2 | U45: 113.2 | V45: 110.9 | W45: 113 | X45: 110.8 | Y45: 111.6 | Z45: 110.9 | AA45: 111.8 | AB45: 109.2 | AC45: 111.4 | AD45: 113.7 | AE45: =SUM(D45:P45) -> 1483 | AF45: =SUM(Q45) -> 116.7 | AG45: =SUM(R45:T45) -> 343.1 | AH45: =SUM(U45:W45) -> 337.1 | AI45: =SUM(X45,AA45,AB45) -> 331.8 | AJ45: =SUM(Y45) -> 111.6 | AK45: =SUM(Z45) -> 110.9 | AL45: =SUM(AC45) -> 111.4
A46: Rural+Urban | B46: 2014 | C46: Marcrh | D46: 120.7 | E46: 119.3 | F46: 121 | G46: 116.1 | H46: 106.9 | I46: 118.7 | J46: 116.3 | K46: 109.8 | L46: 99.6 | M46: 111.8 | N46: 112.7 | O46: 119.3 | P46: 116.1 | Q46: 115.2 | R46: 116.8 | S46: 113.7 | T46: 116.4 | U46: 113.2 | V46: 112.5 | W46: 113.2 | X46: 111.2 | Y46: 111.4 | Z46: 110.6 | AA46: 112 | AB46: 109 | AC46: 111.3 | AD46: 114.2 | AE46: =SUM(D46:P46) -> 1488.3 | AF46: =SUM(Q46) -> 115.2 | AG46: =SUM(R46:T46) -> 346.9 | AH46: =SUM(U46:W46) -> 338.9 | AI46: =SUM(X46,AA46,AB46) -> 332.2 | AJ46: =SUM(Y46) -> 111.4 | AK46: =SUM(Z46) -> 110.6 | AL46: =SUM(AC46) -> 111.3
A47: Rural | B47: 2014 | C47: April | D47: 120.2 | E47: 118.9 | F47: 118.1 | G47: 117 | H47: 109.7 | I47: 125.5 | J47: 120.5 | K47: 111 | L47: 102.6 | M47: 111.2 | N47: 113.5 | O47: 118.7 | P47: 117.2 | Q47: 115.4 | R47: 118.1 | S47: 116.1 | T47: 117.8 | U47: NA | V47: 113.4 | W47: 113.7 | X47: 111.8 | Y47: 111.2 | Z47: 110.5 | AA47: 113 | AB47: 108.9 | AC47: 111.5 | AD47: 115.4 | AE47: =SUM(D47:P47) -> 1504.1 | AF47: =SUM(Q47) -> 115.4 | AG47: =SUM(R47:T47) -> 352 | AH47: =SUM(U47:W47) -> 227.1 | AI47: =SUM(X47,AA47,AB47) -> 333.7 | AJ47: =SUM(Y47) -> 111.2 | AK47: =SUM(Z47) -> 110.5 | AL47: =SUM(AC47) -> 111.5
A48: Urban | B48: 2014 | C48: April | D48: 122.5 | E48: 121.7 | F48: 113.3 | G48: 117 | H48: 103.1 | I48: 126.7 | J48: 121.2 | K48: 111 | L48: 100.3 | M48: 115.3 | N48: 112.7 | O48: 121 | P48: 118.2 | Q48: 117.6 | R48: 116.3 | S48: 112.5 | T48: 115.7 | U48: 113.9 | V48: 110.9 | W48: 113.4 | X48: 111 | Y48: 111.2 | Z48: 111.2 | AA48: 112.5 | AB48: 109.1 | AC48: 111.4 | AD48: 114.7 | AE48: =SUM(D48:P48) -> 1504 | AF48: =SUM(Q48) -> 117.6 | AG48: =SUM(R48:T48) -> 344.5 | AH48: =SUM(U48:W48) -> 338.2 | AI48: =SUM(X48,AA48,AB48) -> 332.6 | AJ48: =SUM(Y48) -> 111.2 | AK48: =SUM(Z48) -> 111.2 | AL48: =SUM(AC48) -> 111.4
A49: Rural+Urban | B49: 2014 | C49: April | D49: 120.9 | E49: 119.9 | F49: 116.2 | G49: 117 | H49: 107.3 | I49: 126.1 | J49: 120.7 | K49: 111 | L49: 101.8 | M49: 112.6 | N49: 113.2 | O49: 119.8 | P49: 117.6 | Q49: 116 | R49: 117.4 | S49: 114.6 | T49: 117 | U49: 113.9 | V49: 112.5 | W49: 113.6 | X49: 111.5 | Y49: 111.2 | Z49: 110.9 | AA49: 112.7 | AB49: 109 | AC49: 111.5 | AD49: 115.1 | AE49: =SUM(D49:P49) -> 1504.1 | AF49: =SUM(Q49) -> 116 | AG49: =SUM(R49:T49) -> 349 | AH49: =SUM(U49:W49) -> 340 | AI49: =SUM(X49,AA49,AB49) -> 333.2 | AJ49: =SUM(Y49) -> 111.2 | AK49: =SUM(Z49) -> 110.9 | AL49: =SUM(AC49) -> 111.5
A50: Rural | B50: 2014 | C50: May | D50: 120.3 | E50: 120.2 | F50: 116.9 | G50: 118 | H50: 110.1 | I50: 126.3 | J50: 123.9 | K50: 111.5 | L50: 103.5 | M50: 111.6 | N50: 114.2 | O50: 119.2 | P50: 118.2 | Q50: 116.3 | R50: 118.7 | S50: 116.8 | T50: 118.5 | U50: NA | V50: 113.4 | W50: 114.1 | X50: 112.1 | Y50: 111.4 | Z50: 110.9 | AA50: 113.1 | AB50: 108.9 | AC50: 111.8 | AD50: 116 | AE50: =SUM(D50:P50) -> 1513.9 | AF50: =SUM(Q50) -> 116.3 | AG50: =SUM(R50:T50) -> 354 | AH50: =SUM(U50:W50) -> 227.5 | AI50: =SUM(X50,AA50,AB50) -> 334.1 | AJ50: =SUM(Y50) -> 111.4 | AK50: =SUM(Z50) -> 110.9 | AL50: =SUM(AC50) -> 111.8
A51: Urban | B51: 2014 | C51: May | D51: 122.7 | E51: 124.1 | F51: 114.2 | G51: 119.1 | H51: 103.5 | I51: 129.2 | J51: 127 | K51: 112.6 | L51: 101.3 | M51: 117 | N51: 112.9 | O51: 121.7 | P51: 120 | Q51: 118.3 | R51: 116.8 | S51: 112.9 | T51: 116.2 | U51: 114.3 | V51: 111.1 | W51: 114.1 | X51: 111.2 | Y51: 111.3 | Z51: 111.5 | AA51: 112.9 | AB51: 109.3 | AC51: 111.7 | AD51: 115.6 | AE51: =SUM(D51:P51) -> 1525.3 | AF51: =SUM(Q51) -> 118.3 | AG51: =SUM(R51:T51) -> 345.9 | AH51: =SUM(U51:W51) -> 339.5 | AI51: =SUM(X51,AA51,AB51) -> 333.4 | AJ51: =SUM(Y51) -> 111.3 | AK51: =SUM(Z51) -> 111.5 | AL51: =SUM(AC51) -> 111.7
A52: Rural+Urban | B52: 2014 | C52: May | D52: 121.1 | E52: 121.6 | F52: 115.9 | G52: 118.4 | H52: 107.7 | I52: 127.7 | J52: 125 | K52: 111.9 | L52: 102.8 | M52: 113.4 | N52: 113.7 | O52: 120.4 | P52: 118.9 | Q52: 116.8 | R52: 118 | S52: 115.2 | T52: 117.6 | U52: 114.3 | V52: 112.5 | W52: 114.1 | X52: 111.8 | Y52: 111.3 | Z52: 111.2 | AA52: 113 | AB52: 109.1 | AC52: 111.8 | AD52: 115.8 | AE52: =SUM(D52:P52) -> 1518.5 | AF52: =SUM(Q52) -> 116.8 | AG52: =SUM(R52:T52) -> 350.8 | AH52: =SUM(U52:W52) -> 340.9 | AI52: =SUM(X52,AA52,AB52) -> 333.9 | AJ52: =SUM(Y52) -> 111.3 | AK52: =SUM(Z52) -> 111.2 | AL52: =SUM(AC52) -> 111.8
A53: Rural | B53: 2014 | C53: June | D53: 120.7 | E53: 121.6 | F53: 116.1 | G53: 119.3 | H53: 110.3 | I53: 125.8 | J53: 129.3 | K53: 112.2 | L53: 103.6 | M53: 112.3 | N53: 114.9 | O53: 120.1 | P53: 119.5 | Q53: 117.3 | R53: 119.7 | S53: 117.3 | T53: 119.3 | U53: NA | V53: 114.4 | W53: 114.9 | X53: 112.8 | Y53: 112.2 | Z53: 111.4 | AA53: 114.3 | AB53: 108 | AC53: 112.3 | AD53: 117 | AE53: =SUM(D53:P53) -> 1525.7 | AF53: =SUM(Q53) -> 117.3 | AG53: =SUM(R53:T53) -> 356.3 | AH53: =SUM(U53:W53) -> 229.3 | AI53: =SUM(X53,AA53,AB53) -> 335.1 | AJ53: =SUM(Y53) -> 112.2 | AK53: =SUM(Z53) -> 111.4 | AL53: =SUM(AC53) -> 112.3
A54: Urban | B54: 2014 | C54: June | D54: 123.1 | E54: 125.9 | F54: 115.4 | G54: 120.4 | H54: 103.4 | I54: 131.2 | J54: 137.5 | K54: 112.8 | L54: 101.4 | M54: 118.3 | N54: 113.2 | O54: 122.4 | P54: 122 | Q54: 119 | R54: 117.4 | S54: 113.2 | T54: 116.7 | U54: 113.9 | V54: 111.2 | W54: 114.3 | X54: 111.4 | Y54: 111.5 | Z54: 111.8 | AA54: 115.1 | AB54: 108.7 | AC54: 112.2 | AD54: 116.4 | AE54: =SUM(D54:P54) -> 1547 | AF54: =SUM(Q54) -> 119 | AG54: =SUM(R54:T54) -> 347.3 | AH54: =SUM(U54:W54) -> 339.4 | AI54: =SUM(X54,AA54,AB54) -> 335.2 | AJ54: =SUM(Y54) -> 111.5 | AK54: =SUM(Z54) -> 111.8 | AL54: =SUM(AC54) -> 112.2
A55: Rural+Urban | B55: 2014 | C55: June | D55: 121.5 | E55: 123.1 | F55: 115.8 | G55: 119.7 | H55: 107.8 | I55: 128.3 | J55: 132.1 | K55: 112.4 | L55: 102.9 | M55: 114.3 | N55: 114.2 | O55: 121.2 | P55: 120.4 | Q55: 117.8 | R55: 118.8 | S55: 115.6 | T55: 118.3 | U55: 113.9 | V55: 113.2 | W55: 114.6 | X55: 112.3 | Y55: 111.8 | Z55: 111.6 | AA55: 114.8 | AB55: 108.3 | AC55: 112.3 | AD55: 116.7 | AE55: =SUM(D55:P55) -> 1533.7 | AF55: =SUM(Q55) -> 117.8 | AG55: =SUM(R55:T55) -> 352.7 | AH55: =SUM(U55:W55) -> 341.7 | AI55: =SUM(X55,AA55,AB55) -> 335.4 | AJ55: =SUM(Y55) -> 111.8 | AK55: =SUM(Z55) -> 111.6 | AL55: =SUM(AC55) -> 112.3
A56: Rural | B56: 2014 | C56: July | D56: 121.7 | E56: 122.5 | F56: 117.7 | G56: 120.6 | H56: 110.4 | I56: 129.1 | J56: 150.1 | K56: 113.2 | L56: 104.8 | M56: 113.3 | N56: 115.6 | O56: 120.9 | P56: 123.3 | Q56: 118 | R56: 120.7 | S56: 118.3 | T56: 120.3 | U56: NA | V56: 115.3 | W56: 115.4 | X56: 113.4 | Y56: 113.2 | Z56: 111.8 | AA56: 115.5 | AB56: 108.8 | AC56: 113.1 | AD56: 119.5 | AE56: =SUM(D56:P56) -> 1563.2 | AF56: =SUM(Q56) -> 118 | AG56: =SUM(R56:T56) -> 359.3 | AH56: =SUM(U56:W56) -> 230.7 | AI56: =SUM(X56,AA56,AB56) -> 337.7 | AJ56: =SUM(Y56) -> 113.2 | AK56: =SUM(Z56) -> 111.8 | AL56: =SUM(AC56) -> 113.1
A57: Urban | B57: 2014 | C57: July | D57: 123.8 | E57: 126.4 | F57: 118 | G57: 121.6 | H57: 103.5 | I57: 133.7 | J57: 172.4 | K57: 113.1 | L57: 102.7 | M57: 120 | N57: 113.8 | O57: 123.4 | P57: 127.1 | Q57: 121 | R57: 118 | S57: 113.6 | T57: 117.4 | U57: 114.8 | V57: 111.6 | W57: 114.9 | X57: 111.5 | Y57: 113 | Z57: 112.4 | AA57: 117.8 | AB57: 109.7 | AC57: 113.5 | AD57: 118.9 | AE57: =SUM(D57:P57) -> 1599.5 | AF57: =SUM(Q57) -> 121 | AG57: =SUM(R57:T57) -> 349 | AH57: =SUM(U57:W57) -> 341.3 | AI57: =SUM(X57,AA57,AB57) -> 339 | AJ57: =SUM(Y57) -> 113 | AK57: =SUM(Z57) -> 112.4 | AL57: =SUM(AC57) -> 113.5
A58: Rural+Urban | B58: 2014 | C58: July | D58: 122.4 | E58: 123.9 | F58: 117.8 | G58: 121 | H58: 107.9 | I58: 131.2 | J58: 157.7 | K58: 113.2 | L58: 104.1 | M58: 115.5 | N58: 114.8 | O58: 122.1 | P58: 124.7 | Q58: 118.8 | R58: 119.6 | S58: 116.3 | T58: 119.1 | U58: 114.8 | V58: 113.9 | W58: 115.2 | X58: 112.7 | Y58: 113.1 | Z58: 112.1 | AA58: 116.8 | AB58: 109.2 | AC58: 113.3 | AD58: 119.2 | AE58: =SUM(D58:P58) -> 1576.3 | AF58: =SUM(Q58) -> 118.8 | AG58: =SUM(R58:T58) -> 355 | AH58: =SUM(U58:W58) -> 343.9 | AI58: =SUM(X58,AA58,AB58) -> 338.7 | AJ58: =SUM(Y58) -> 113.1 | AK58: =SUM(Z58) -> 112.1 | AL58: =SUM(AC58) -> 113.3
A59: Rural | B59: 2014 | C59: August | D59: 121.8 | E59: 122.8 | F59: 117.8 | G59: 121.9 | H59: 110.6 | I59: 129.7 | J59: 161.1 | K59: 114.1 | L59: 105.1 | M59: 114.6 | N59: 115.8 | O59: 121.7 | P59: 125.3 | Q59: 118.8 | R59: 120.9 | S59: 118.8 | T59: 120.7 | U59: NA | V59: 115.4 | W59: 115.9 | X59: 114 | Y59: 113.2 | Z59: 112.2 | AA59: 116.2 | AB59: 109.4 | AC59: 113.5 | AD59: 120.7 | AE59: =SUM(D59:P59) -> 1582.3 | AF59: =SUM(Q59) -> 118.8 | AG59: =SUM(R59:T59) -> 360.4 | AH59: =SUM(U59:W59) -> 231.3 | AI59: =SUM(X59,AA59,AB59) -> 339.6 | AJ59: =SUM(Y59) -> 113.2 | AK59: =SUM(Z59) -> 112.2 | AL59: =SUM(AC59) -> 113.5
A60: Urban | B60: 2014 | C60: August | D60: 124.8 | E60: 127.3 | F60: 116.5 | G60: 122.2 | H60: 103.6 | I60: 132.7 | J60: 181.9 | K60: 115.2 | L60: 102.7 | M60: 122.1 | N60: 114.4 | O60: 124.7 | P60: 128.9 | Q60: 123 | R60: 118.6 | S60: 114.1 | T60: 117.9 | U60: 115.5 | V60: 111.8 | W60: 115.3 | X60: 112.2 | Y60: 112.5 | Z60: 112.9 | AA60: 119.2 | AB60: 110.5 | AC60: 113.9 | AD60: 119.9 | AE60: =SUM(D60:P60) -> 1617 | AF60: =SUM(Q60) -> 123 | AG60: =SUM(R60:T60) -> 350.6 | AH60: =SUM(U60:W60) -> 342.6 | AI60: =SUM(X60,AA60,AB60) -> 341.9 | AJ60: =SUM(Y60) -> 112.5 | AK60: =SUM(Z60) -> 112.9 | AL60: =SUM(AC60) -> 113.9
A61: Rural+Urban | B61: 2014 | C61: August | D61: 122.7 | E61: 124.4 | F61: 117.3 | G61: 122 | H61: 108 | I61: 131.1 | J61: 168.2 | K61: 114.5 | L61: 104.3 | M61: 117.1 | N61: 115.2 | O61: 123.1 | P61: 126.6 | Q61: 119.9 | R61: 120 | S61: 116.8 | T61: 119.6 | U61: 115.5 | V61: 114 | W61: 115.6 | X61: 113.3 | Y61: 112.8 | Z61: 112.6 | AA61: 118 | AB61: 109.9 | AC61: 113.7 | AD61: 120.3 | AE61: =SUM(D61:P61) -> 1594.5 | AF61: =SUM(Q61) -> 119.9 | AG61: =SUM(R61:T61) -> 356.4 | AH61: =SUM(U61:W61) -> 345.1 | AI61: =SUM(X61,AA61,AB61) -> 341.2 | AJ61: =SUM(Y61) -> 112.8 | AK61: =SUM(Z61) -> 112.6 | AL61: =SUM(AC61) -> 113.7
A62: Rural | B62: 2014 | C62: September | D62: 122.3 | E62: 122.4 | F62: 117.8 | G62: 122.7 | H62: 110.4 | I62: 129.8 | J62: 158.8 | K62: 115 | L62: 104.7 | M62: 114.9 | N62: 116.5 | O62: 122.6 | P62: 125.3 | Q62: 119.5 | R62: 121.7 | S62: 119.2 | T62: 121.3 | U62: NA | V62: 115.8 | W62: 116.7 | X62: 114.5 | Y62: 112.8 | Z62: 112.6 | AA62: 116.6 | AB62: 109.1 | AC62: 113.7 | AD62: 120.9 | AE62: =SUM(D62:P62) -> 1583.2 | AF62: =SUM(Q62) -> 119.5 | AG62: =SUM(R62:T62) -> 362.2 | AH62: =SUM(U62:W62) -> 232.5 | AI62: =SUM(X62,AA62,AB62) -> 340.2 | AJ62: =SUM(Y62) -> 112.8 | AK62: =SUM(Z62) -> 112.6 | AL62: =SUM(AC62) -> 113.7
A63: Urban | B63: 2014 | C63: September | D63: 124.2 | E63: 125.4 | F63: 116.4 | G63: 122.7 | H63: 103.5 | I63: 124.5 | J63: 168.6 | K63: 116.9 | L63: 101.9 | M63: 122.9 | N63: 114.8 | O63: 125.2 | P63: 126.7 | Q63: 124.3 | R63: 119.2 | S63: 114.5 | T63: 118.4 | U63: 116.1 | V63: 111.8 | W63: 115.5 | X63: 112.3 | Y63: 111.2 | Z63: 113.4 | AA63: 120 | AB63: 110 | AC63: 113.6 | AD63: 119.2 | AE63: =SUM(D63:P63) -> 1593.7 | AF63: =SUM(Q63) -> 124.3 | AG63: =SUM(R63:T63) -> 352.1 | AH63: =SUM(U63:W63) -> 343.4 | AI63: =SUM(X63,AA63,AB63) -> 342.3 | AJ63: =SUM(Y63) -> 111.2 | AK63: =SUM(Z63) -> 113.4 | AL63: =SUM(AC63) -> 113.6
A64: Rural+Urban | B64: 2014 | C64: September | D64: 122.9 | E64: 123.5 | F64: 117.3 | G64: 122.7 | H64: 107.9 | I64: 127.3 | J64: 162.1 | K64: 115.6 | L64: 103.8 | M64: 117.6 | N64: 115.8 | O64: 123.8 | P64: 125.8 | Q64: 120.8 | R64: 120.7 | S64: 117.2 | T64: 120.1 | U64: 116.1 | V64: 114.3 | W64: 116.1 | X64: 113.7 | Y64: 112 | Z64: 113.1 | AA64: 118.6 | AB64: 109.5 | AC64: 113.7 | AD64: 120.1 | AE64: =SUM(D64:P64) -> 1586.1 | AF64: =SUM(Q64) -> 120.8 | AG64: =SUM(R64:T64) -> 358 | AH64: =SUM(U64:W64) -> 346.5 | AI64: =SUM(X64,AA64,AB64) -> 341.8 | AJ64: =SUM(Y64) -> 112 | AK64: =SUM(Z64) -> 113.1 | AL64: =SUM(AC64) -> 113.7
A65: Rural | B65: 2014 | C65: October | D65: 122.6 | E65: 122.5 | F65: 118.3 | G65: 123.2 | H65: 110.5 | I65: 128.9 | J65: 155.3 | K65: 115.5 | L65: 104 | M65: 115.3 | N65: 116.8 | O65: 123.2 | P65: 125.1 | Q65: 120 | R65: 122.7 | S65: 120.3 | T65: 122.3 | U65: NA | V65: 116.4 | W65: 117.5 | X65: 115.3 | Y65: 112.6 | Z65: 113 | AA65: 116.9 | AB65: 109.3 | AC65: 114 | AD65: 121 | AE65: =SUM(D65:P65) -> 1581.2 | AF65: =SUM(Q65) -> 120 | AG65: =SUM(R65:T65) -> 365.3 | AH65: =SUM(U65:W65) -> 233.9 | AI65: =SUM(X65,AA65,AB65) -> 341.5 | AJ65: =SUM(Y65) -> 112.6 | AK65: =SUM(Z65) -> 113 | AL65: =SUM(AC65) -> 114
A66: Urban | B66: 2014 | C66: October | D66: 124.6 | E66: 126.1 | F66: 117.8 | G66: 123.1 | H66: 103.5 | I66: 123.5 | J66: 159.6 | K66: 117.4 | L66: 101.2 | M66: 123.8 | N66: 115.2 | O66: 125.9 | P66: 125.8 | Q66: 124.3 | R66: 119.6 | S66: 114.9 | T66: 118.9 | U66: 116.7 | V66: 112 | W66: 115.8 | X66: 112.6 | Y66: 111 | Z66: 113.6 | AA66: 120.2 | AB66: 110.1 | AC66: 113.7 | AD66: 119.1 | AE66: =SUM(D66:P66) -> 1587.5 | AF66: =SUM(Q66) -> 124.3 | AG66: =SUM(R66:T66) -> 353.4 | AH66: =SUM(U66:W66) -> 344.5 | AI66: =SUM(X66,AA66,AB66) -> 342.9 | AJ66: =SUM(Y66) -> 111 | AK66: =SUM(Z66) -> 113.6 | AL66: =SUM(AC66) -> 113.7
A67: Rural+Urban | B67: 2014 | C67: October | D67: 123.2 | E67: 123.8 | F67: 118.1 | G67: 123.2 | H67: 107.9 | I67: 126.4 | J67: 156.8 | K67: 116.1 | L67: 103.1 | M67: 118.1 | N67: 116.1 | O67: 124.5 | P67: 125.4 | Q67: 121.1 | R67: 121.5 | S67: 118.1 | T67: 121 | U67: 116.7 | V67: 114.7 | W67: 116.7 | X67: 114.3 | Y67: 111.8 | Z67: 113.3 | AA67: 118.8 | AB67: 109.6 | AC67: 113.9 | AD67: 120.1 | AE67: =SUM(D67:P67) -> 1582.7 | AF67: =SUM(Q67) -> 121.1 | AG67: =SUM(R67:T67) -> 360.6 | AH67: =SUM(U67:W67) -> 348.1 | AI67: =SUM(X67,AA67,AB67) -> 342.7 | AJ67: =SUM(Y67) -> 111.8 | AK67: =SUM(Z67) -> 113.3 | AL67: =SUM(AC67) -> 113.9
A68: Rural | B68: 2014 | C68: November | D68: 122.7 | E68: 122.6 | F68: 119.9 | G68: 124 | H68: 110.5 | I68: 128.8 | J68: 152 | K68: 116.2 | L68: 103.3 | M68: 115.8 | N68: 116.8 | O68: 124.5 | P68: 124.9 | Q68: 120.8 | R68: 123.3 | S68: 120.5 | T68: 122.9 | U68: NA | V68: 117.3 | W68: 118.1 | X68: 115.9 | Y68: 112 | Z68: 113.3 | AA68: 117.2 | AB68: 108.8 | AC68: 114.1 | AD68: 121.1 | AE68: =SUM(D68:P68) -> 1582 | AF68: =SUM(Q68) -> 120.8 | AG68: =SUM(R68:T68) -> 366.7 | AH68: =SUM(U68:W68) -> 235.4 | AI68: =SUM(X68,AA68,AB68) -> 341.9 | AJ68: =SUM(Y68) -> 112 | AK68: =SUM(Z68) -> 113.3 | AL68: =SUM(AC68) -> 114.1
A69: Urban | B69: 2014 | C69: November | D69: 124.5 | E69: 125.6 | F69: 122.7 | G69: 124.6 | H69: 103.2 | I69: 122.2 | J69: 153.2 | K69: 119.3 | L69: 99.8 | M69: 124.6 | N69: 115.8 | O69: 126.9 | P69: 125.4 | Q69: 125.8 | R69: 120.3 | S69: 115.4 | T69: 119.5 | U69: 117.1 | V69: 112.6 | W69: 116.4 | X69: 113 | Y69: 109.7 | Z69: 114 | AA69: 120.3 | AB69: 109.6 | AC69: 113.4 | AD69: 119 | AE69: =SUM(D69:P69) -> 1587.8 | AF69: =SUM(Q69) -> 125.8 | AG69: =SUM(R69:T69) -> 355.2 | AH69: =SUM(U69:W69) -> 346.1 | AI69: =SUM(X69,AA69,AB69) -> 342.9 | AJ69: =SUM(Y69) -> 109.7 | AK69: =SUM(Z69) -> 114 | AL69: =SUM(AC69) -> 113.4
A70: Rural+Urban | B70: 2014 | C70: November | D70: 123.3 | E70: 123.7 | F70: 121 | G70: 124.2 | H70: 107.8 | I70: 125.7 | J70: 152.4 | K70: 117.2 | L70: 102.1 | M70: 118.7 | N70: 116.4 | O70: 125.6 | P70: 125.1 | Q70: 122.1 | R70: 122.1 | S70: 118.4 | T70: 121.6 | U70: 117.1 | V70: 115.5 | W70: 117.3 | X70: 114.8 | Y70: 110.8 | Z70: 113.7 | AA70: 119 | AB70: 109.1 | AC70: 113.8 | AD70: 120.1 | AE70: =SUM(D70:P70) -> 1583.2 | AF70: =SUM(Q70) -> 122.1 | AG70: =SUM(R70:T70) -> 362.1 | AH70: =SUM(U70:W70) -> 349.9 | AI70: =SUM(X70,AA70,AB70) -> 342.9 | AJ70: =SUM(Y70) -> 110.8 | AK70: =SUM(Z70) -> 113.7 | AL70: =SUM(AC70) -> 113.8
A71: Rural | B71: 2014 | C71: December | D71: 122.4 | E71: 122.4 | F71: 121.8 | G71: 124.2 | H71: 110.2 | I71: 128.6 | J71: 140.3 | K71: 116.3 | L71: 102 | M71: 116 | N71: 117.3 | O71: 124.8 | P71: 123.3 | Q71: 121.7 | R71: 123.8 | S71: 120.6 | T71: 123.3 | U71: NA | V71: 117.4 | W71: 118.2 | X71: 116.2 | Y71: 111.5 | Z71: 113.3 | AA71: 117.7 | AB71: 109.4 | AC71: 114.2 | AD71: 120.3 | AE71: =SUM(D71:P71) -> 1569.6 | AF71: =SUM(Q71) -> 121.7 | AG71: =SUM(R71:T71) -> 367.7 | AH71: =SUM(U71:W71) -> 235.6 | AI71: =SUM(X71,AA71,AB71) -> 343.3 | AJ71: =SUM(Y71) -> 111.5 | AK71: =SUM(Z71) -> 113.3 | AL71: =SUM(AC71) -> 114.2
A72: Urban | B72: 2014 | C72: December | D72: 124 | E72: 124.7 | F72: 126.3 | G72: 124.9 | H72: 103 | I72: 122.3 | J72: 141 | K72: 120.1 | L72: 97.8 | M72: 125.4 | N72: 116.1 | O72: 127.6 | P72: 124 | Q72: 126.4 | R72: 120.7 | S72: 115.8 | T72: 120 | U72: 116.5 | V72: 113 | W72: 116.8 | X72: 113.2 | Y72: 108.8 | Z72: 114.3 | AA72: 120.7 | AB72: 110.4 | AC72: 113.4 | AD72: 118.4 | AE72: =SUM(D72:P72) -> 1577.2 | AF72: =SUM(Q72) -> 126.4 | AG72: =SUM(R72:T72) -> 356.5 | AH72: =SUM(U72:W72) -> 346.3 | AI72: =SUM(X72,AA72,AB72) -> 344.3 | AJ72: =SUM(Y72) -> 108.8 | AK72: =SUM(Z72) -> 114.3 | AL72: =SUM(AC72) -> 113.4
A73: Rural+Urban | B73: 2014 | C73: December | D73: 122.9 | E73: 123.2 | F73: 123.5 | G73: 124.5 | H73: 107.6 | I73: 125.7 | J73: 140.5 | K73: 117.6 | L73: 100.6 | M73: 119.1 | N73: 116.8 | O73: 126.1 | P73: 123.6 | Q73: 123 | R73: 122.6 | S73: 118.6 | T73: 122 | U73: 116.5 | V73: 115.7 | W73: 117.5 | X73: 115.1 | Y73: 110.1 | Z73: 113.9 | AA73: 119.5 | AB73: 109.8 | AC73: 113.8 | AD73: 119.4 | AE73: =SUM(D73:P73) -> 1571.7 | AF73: =SUM(Q73) -> 123 | AG73: =SUM(R73:T73) -> 363.2 | AH73: =SUM(U73:W73) -> 349.7 | AI73: =SUM(X73,AA73,AB73) -> 344.4 | AJ73: =SUM(Y73) -> 110.1 | AK73: =SUM(Z73) -> 113.9 | AL73: =SUM(AC73) -> 113.8
A74: Rural | B74: 2015 | C74: January | D74: 123.1 | E74: 123.1 | F74: 122.1 | G74: 124.9 | H74: 111 | I74: 130.4 | J74: 132.3 | K74: 117.2 | L74: 100.5 | M74: 117.2 | N74: 117.9 | O74: 125.6 | P74: 122.8 | Q74: 122.7 | R74: 124.4 | S74: 121.6 | T74: 124 | U74: NA | V74: 118.4 | W74: 118.9 | X74: 116.6 | Y74: 111 | Z74: 114 | AA74: 118.2 | AB74: 110.2 | AC74: 114.5 | AD74: 120.3 | AE74: =SUM(D74:P74) -> 1568.1 | AF74: =SUM(Q74) -> 122.7 | AG74: =SUM(R74:T74) -> 370 | AH74: =SUM(U74:W74) -> 237.3 | AI74: =SUM(X74,AA74,AB74) -> 345 | AJ74: =SUM(Y74) -> 111 | AK74: =SUM(Z74) -> 114 | AL74: =SUM(AC74) -> 114.5
A75: Urban | B75: 2015 | C75: January | D75: 124 | E75: 125.5 | F75: 126.6 | G75: 125.2 | H75: 104.3 | I75: 121.3 | J75: 134.4 | K75: 122.9 | L75: 96.1 | M75: 126.6 | N75: 116.5 | O75: 128 | P75: 123.5 | Q75: 127.4 | R75: 121 | S75: 116.1 | T75: 120.2 | U75: 117.3 | V75: 113.4 | W75: 117.2 | X75: 113.7 | Y75: 107.9 | Z75: 114.6 | AA75: 120.8 | AB75: 111.4 | AC75: 113.4 | AD75: 118.5 | AE75: =SUM(D75:P75) -> 1574.9 | AF75: =SUM(Q75) -> 127.4 | AG75: =SUM(R75:T75) -> 357.3 | AH75: =SUM(U75:W75) -> 347.9 | AI75: =SUM(X75,AA75,AB75) -> 345.9 | AJ75: =SUM(Y75) -> 107.9 | AK75: =SUM(Z75) -> 114.6 | AL75: =SUM(AC75) -> 113.4
A76: Rural+Urban | B76: 2015 | C76: January | D76: 123.4 | E76: 123.9 | F76: 123.8 | G76: 125 | H76: 108.5 | I76: 126.2 | J76: 133 | K76: 119.1 | L76: 99 | M76: 120.3 | N76: 117.3 | O76: 126.7 | P76: 123.1 | Q76: 124 | R76: 123.1 | S76: 119.3 | T76: 122.5 | U76: 117.3 | V76: 116.5 | W76: 118.1 | X76: 115.5 | Y76: 109.4 | Z76: 114.3 | AA76: 119.7 | AB76: 110.7 | AC76: 114 | AD76: 119.5 | AE76: =SUM(D76:P76) -> 1569.3 | AF76: =SUM(Q76) -> 124 | AG76: =SUM(R76:T76) -> 364.9 | AH76: =SUM(U76:W76) -> 351.9 | AI76: =SUM(X76,AA76,AB76) -> 345.9 | AJ76: =SUM(Y76) -> 109.4 | AK76: =SUM(Z76) -> 114.3 | AL76: =SUM(AC76) -> 114
A77: Rural | B77: 2015 | C77: February | D77: 123.4 | E77: 124.4 | F77: 122.1 | G77: 125.8 | H77: 111.5 | I77: 129.4 | J77: 128.2 | K77: 118.8 | L77: 100 | M77: 118.6 | N77: 118.8 | O77: 126.8 | P77: 122.8 | Q77: 124.2 | R77: 125.4 | S77: 122.7 | T77: 125 | U77: NA | V77: 120 | W77: 119.6 | X77: 117.7 | Y77: 110.9 | Z77: 114.8 | AA77: 118.7 | AB77: 110.8 | AC77: 115 | AD77: 120.6 | AE77: =SUM(D77:P77) -> 1570.6 | AF77: =SUM(Q77) -> 124.2 | AG77: =SUM(R77:T77) -> 373.1 | AH77: =SUM(U77:W77) -> 239.6 | AI77: =SUM(X77,AA77,AB77) -> 347.2 | AJ77: =SUM(Y77) -> 110.9 | AK77: =SUM(Z77) -> 114.8 | AL77: =SUM(AC77) -> 115
A78: Urban | B78: 2015 | C78: February | D78: 124.3 | E78: 126.5 | F78: 119.5 | G78: 125.6 | H78: 104.9 | I78: 121.6 | J78: 131.8 | K78: 125.1 | L78: 95 | M78: 127.7 | N78: 116.8 | O78: 128.6 | P78: 123.7 | Q78: 128.1 | R78: 121.3 | S78: 116.5 | T78: 120.6 | U78: 118.1 | V78: 114 | W78: 117.7 | X78: 114.1 | Y78: 106.8 | Z78: 114.9 | AA78: 120.4 | AB78: 111.7 | AC78: 113.2 | AD78: 118.7 | AE78: =SUM(D78:P78) -> 1571.1 | AF78: =SUM(Q78) -> 128.1 | AG78: =SUM(R78:T78) -> 358.4 | AH78: =SUM(U78:W78) -> 349.8 | AI78: =SUM(X78,AA78,AB78) -> 346.2 | AJ78: =SUM(Y78) -> 106.8 | AK78: =SUM(Z78) -> 114.9 | AL78: =SUM(AC78) -> 113.2
A79: Rural+Urban | B79: 2015 | C79: February | D79: 123.7 | E79: 125.1 | F79: 121.1 | G79: 125.7 | H79: 109.1 | I79: 125.8 | J79: 129.4 | K79: 120.9 | L79: 98.3 | M79: 121.6 | N79: 118 | O79: 127.6 | P79: 123.1 | Q79: 125.2 | R79: 123.8 | S79: 120.1 | T79: 123.3 | U79: 118.1 | V79: 117.7 | W79: 118.7 | X79: 116.3 | Y79: 108.7 | Z79: 114.9 | AA79: 119.7 | AB79: 111.2 | AC79: 114.1 | AD79: 119.7 | AE79: =SUM(D79:P79) -> 1569.4 | AF79: =SUM(Q79) -> 125.2 | AG79: =SUM(R79:T79) -> 367.2 | AH79: =SUM(U79:W79) -> 354.5 | AI79: =SUM(X79,AA79,AB79) -> 347.2 | AJ79: =SUM(Y79) -> 108.7 | AK79: =SUM(Z79) -> 114.9 | AL79: =SUM(AC79) -> 114.1
A80: Rural | B80: 2015 | C80: March | D80: 123.3 | E80: 124.7 | F80: 118.9 | G80: 126 | H80: 111.8 | I80: 130.9 | J80: 128 | K80: 119.9 | L80: 98.9 | M80: 119.4 | N80: 118.9 | O80: 127.7 | P80: 123.1 | Q80: 124.7 | R80: 126 | S80: 122.9 | T80: 125.5 | U80: NA | V80: 120.6 | W80: 120.2 | X80: 118.2 | Y80: 111.6 | Z80: 115.5 | AA80: 119.4 | AB80: 110.8 | AC80: 115.5 | AD80: 121.1 | AE80: =SUM(D80:P80) -> 1571.5 | AF80: =SUM(Q80) -> 124.7 | AG80: =SUM(R80:T80) -> 374.4 | AH80: =SUM(U80:W80) -> 240.8 | AI80: =SUM(X80,AA80,AB80) -> 348.4 | AJ80: =SUM(Y80) -> 111.6 | AK80: =SUM(Z80) -> 115.5 | AL80: =SUM(AC80) -> 115.5
A81: Urban | B81: 2015 | C81: March | D81: 124 | E81: 126.7 | F81: 113.5 | G81: 125.9 | H81: 104.8 | I81: 123.8 | J81: 131.4 | K81: 127.2 | L81: 93.2 | M81: 127.4 | N81: 117 | O81: 129.2 | P81: 123.9 | Q81: 128.8 | R81: 121.7 | S81: 116.9 | T81: 120.9 | U81: 118.6 | V81: 114.4 | W81: 118 | X81: 114.3 | Y81: 108.4 | Z81: 115.4 | AA81: 120.6 | AB81: 111.3 | AC81: 113.8 | AD81: 119.1 | AE81: =SUM(D81:P81) -> 1568 | AF81: =SUM(Q81) -> 128.8 | AG81: =SUM(R81:T81) -> 359.5 | AH81: =SUM(U81:W81) -> 351 | AI81: =SUM(X81,AA81,AB81) -> 346.2 | AJ81: =SUM(Y81) -> 108.4 | AK81: =SUM(Z81) -> 115.4 | AL81: =SUM(AC81) -> 113.8
A82: Rural+Urban | B82: 2015 | C82: March | D82: 123.5 | E82: 125.4 | F82: 116.8 | G82: 126 | H82: 109.2 | I82: 127.6 | J82: 129.2 | K82: 122.4 | L82: 97 | M82: 122.1 | N82: 118.1 | O82: 128.4 | P82: 123.4 | Q82: 125.8 | R82: 124.3 | S82: 120.4 | T82: 123.7 | U82: 118.6 | V82: 118.3 | W82: 119.2 | X82: 116.7 | Y82: 109.9 | Z82: 115.4 | AA82: 120.1 | AB82: 111 | AC82: 114.7 | AD82: 120.2 | AE82: =SUM(D82:P82) -> 1569.1 | AF82: =SUM(Q82) -> 125.8 | AG82: =SUM(R82:T82) -> 368.4 | AH82: =SUM(U82:W82) -> 356.1 | AI82: =SUM(X82,AA82,AB82) -> 347.8 | AJ82: =SUM(Y82) -> 109.9 | AK82: =SUM(Z82) -> 115.4 | AL82: =SUM(AC82) -> 114.7
A83: Rural | B83: 2015 | C83: April | D83: 123.3 | E83: 125.5 | F83: 117.2 | G83: 126.8 | H83: 111.9 | I83: 134.2 | J83: 127.5 | K83: 121.5 | L83: 97.8 | M83: 119.8 | N83: 119.4 | O83: 128.7 | P83: 123.6 | Q83: 125.7 | R83: 126.4 | S83: 123.3 | T83: 126 | U83: NA | V83: 121.2 | W83: 120.9 | X83: 118.6 | Y83: 111.9 | Z83: 116.2 | AA83: 119.9 | AB83: 111.6 | AC83: 116 | AD83: 121.5 | AE83: =SUM(D83:P83) -> 1577.2 | AF83: =SUM(Q83) -> 125.7 | AG83: =SUM(R83:T83) -> 375.7 | AH83: =SUM(U83:W83) -> 242.1 | AI83: =SUM(X83,AA83,AB83) -> 350.1 | AJ83: =SUM(Y83) -> 111.9 | AK83: =SUM(Z83) -> 116.2 | AL83: =SUM(AC83) -> 116
A84: Urban | B84: 2015 | C84: April | D84: 123.8 | E84: 128.2 | F84: 110 | G84: 126.3 | H84: 104.5 | I84: 130.6 | J84: 130.8 | K84: 131.3 | L84: 91.6 | M84: 127.7 | N84: 117.2 | O84: 129.5 | P84: 124.6 | Q84: 130.1 | R84: 122.1 | S84: 117.2 | T84: 121.3 | U84: 119.2 | V84: 114.7 | W84: 118.4 | X84: 114.6 | Y84: 108.4 | Z84: 115.6 | AA84: 121.7 | AB84: 111.8 | AC84: 114.2 | AD84: 119.7 | AE84: =SUM(D84:P84) -> 1576.1 | AF84: =SUM(Q84) -> 130.1 | AG84: =SUM(R84:T84) -> 360.6 | AH84: =SUM(U84:W84) -> 352.3 | AI84: =SUM(X84,AA84,AB84) -> 348.1 | AJ84: =SUM(Y84) -> 108.4 | AK84: =SUM(Z84) -> 115.6 | AL84: =SUM(AC84) -> 114.2
A85: Rural+Urban | B85: 2015 | C85: April | D85: 123.5 | E85: 126.4 | F85: 114.4 | G85: 126.6 | H85: 109.2 | I85: 132.5 | J85: 128.6 | K85: 124.8 | L85: 95.7 | M85: 122.4 | N85: 118.5 | O85: 129.1 | P85: 124 | Q85: 126.9 | R85: 124.7 | S85: 120.8 | T85: 124.1 | U85: 119.2 | V85: 118.7 | W85: 119.7 | X85: 117.1 | Y85: 110.1 | Z85: 115.9 | AA85: 121 | AB85: 111.7 | AC85: 115.1 | AD85: 120.7 | AE85: =SUM(D85:P85) -> 1575.7 | AF85: =SUM(Q85) -> 126.9 | AG85: =SUM(R85:T85) -> 369.6 | AH85: =SUM(U85:W85) -> 357.6 | AI85: =SUM(X85,AA85,AB85) -> 349.8 | AJ85: =SUM(Y85) -> 110.1 | AK85: =SUM(Z85) -> 115.9 | AL85: =SUM(AC85) -> 115.1
A86: Rural | B86: 2015 | C86: May | D86: 123.5 | E86: 127.1 | F86: 117.3 | G86: 127.7 | H86: 112.5 | I86: 134.1 | J86: 128.5 | K86: 124.3 | L86: 97.6 | M86: 120.7 | N86: 120.2 | O86: 129.8 | P86: 124.4 | Q86: 126.7 | R86: 127.3 | S86: 124.1 | T86: 126.8 | U86: NA | V86: 121.9 | W86: 121.5 | X86: 119.4 | Y86: 113.3 | Z86: 116.7 | AA86: 120.5 | AB86: 112.3 | AC86: 116.9 | AD86: 122.4 | AE86: =SUM(D86:P86) -> 1587.7 | AF86: =SUM(Q86) -> 126.7 | AG86: =SUM(R86:T86) -> 378.2 | AH86: =SUM(U86:W86) -> 243.4 | AI86: =SUM(X86,AA86,AB86) -> 352.2 | AJ86: =SUM(Y86) -> 113.3 | AK86: =SUM(Z86) -> 116.7 | AL86: =SUM(AC86) -> 116.9
A87: Urban | B87: 2015 | C87: May | D87: 123.8 | E87: 129.7 | F87: 111.3 | G87: 126.6 | H87: 105.2 | I87: 130.8 | J87: 135.6 | K87: 142.6 | L87: 90.8 | M87: 128.8 | N87: 117.7 | O87: 129.9 | P87: 126.1 | Q87: 131.3 | R87: 122.4 | S87: 117.4 | T87: 121.6 | U87: 119.6 | V87: 114.9 | W87: 118.7 | X87: 114.9 | Y87: 110.8 | Z87: 116 | AA87: 122 | AB87: 112.4 | AC87: 115.2 | AD87: 120.7 | AE87: =SUM(D87:P87) -> 1598.9 | AF87: =SUM(Q87) -> 131.3 | AG87: =SUM(R87:T87) -> 361.4 | AH87: =SUM(U87:W87) -> 353.2 | AI87: =SUM(X87,AA87,AB87) -> 349.3 | AJ87: =SUM(Y87) -> 110.8 | AK87: =SUM(Z87) -> 116 | AL87: =SUM(AC87) -> 115.2
A88: Rural+Urban | B88: 2015 | C88: May | D88: 123.6 | E88: 128 | F88: 115 | G88: 127.3 | H88: 109.8 | I88: 132.6 | J88: 130.9 | K88: 130.5 | L88: 95.3 | M88: 123.4 | N88: 119.2 | O88: 129.8 | P88: 125 | Q88: 127.9 | R88: 125.4 | S88: 121.3 | T88: 124.7 | U88: 119.6 | V88: 119.2 | W88: 120.2 | X88: 117.7 | Y88: 112 | Z88: 116.3 | AA88: 121.4 | AB88: 112.3 | AC88: 116.1 | AD88: 121.6 | AE88: =SUM(D88:P88) -> 1590.4 | AF88: =SUM(Q88) -> 127.9 | AG88: =SUM(R88:T88) -> 371.4 | AH88: =SUM(U88:W88) -> 359 | AI88: =SUM(X88,AA88,AB88) -> 351.4 | AJ88: =SUM(Y88) -> 112 | AK88: =SUM(Z88) -> 116.3 | AL88: =SUM(AC88) -> 116.1
A89: Rural | B89: 2015 | C89: June | D89: 124.1 | E89: 130.4 | F89: 122.1 | G89: 128.7 | H89: 114.1 | I89: 133.2 | J89: 135.2 | K89: 131.9 | L89: 96.3 | M89: 123 | N89: 121.1 | O89: 131.2 | P89: 126.6 | Q89: 128.2 | R89: 128.4 | S89: 125.1 | T89: 128 | U89: NA | V89: 122.6 | W89: 122.8 | X89: 120.4 | Y89: 114.2 | Z89: 117.9 | AA89: 122 | AB89: 113 | AC89: 117.9 | AD89: 124.1 | AE89: =SUM(D89:P89) -> 1617.9 | AF89: =SUM(Q89) -> 128.2 | AG89: =SUM(R89:T89) -> 381.5 | AH89: =SUM(U89:W89) -> 245.4 | AI89: =SUM(X89,AA89,AB89) -> 355.4 | AJ89: =SUM(Y89) -> 114.2 | AK89: =SUM(Z89) -> 117.9 | AL89: =SUM(AC89) -> 117.9
A90: Urban | B90: 2015 | C90: June | D90: 123.6 | E90: 134.4 | F90: 120.9 | G90: 127.3 | H90: 106 | I90: 132.3 | J90: 146.7 | K90: 148.1 | L90: 89.8 | M90: 130.5 | N90: 118 | O90: 130.5 | P90: 128.5 | Q90: 132.1 | R90: 123.2 | S90: 117.6 | T90: 122.3 | U90: 119 | V90: 115.1 | W90: 119.2 | X90: 115.4 | Y90: 111.7 | Z90: 116.2 | AA90: 123.8 | AB90: 112.5 | AC90: 116 | AD90: 121.7 | AE90: =SUM(D90:P90) -> 1636.6 | AF90: =SUM(Q90) -> 132.1 | AG90: =SUM(R90:T90) -> 363.1 | AH90: =SUM(U90:W90) -> 353.3 | AI90: =SUM(X90,AA90,AB90) -> 351.7 | AJ90: =SUM(Y90) -> 111.7 | AK90: =SUM(Z90) -> 116.2 | AL90: =SUM(AC90) -> 116
A91: Rural+Urban | B91: 2015 | C91: June | D91: 123.9 | E91: 131.8 | F91: 121.6 | G91: 128.2 | H91: 111.1 | I91: 132.8 | J91: 139.1 | K91: 137.4 | L91: 94.1 | M91: 125.5 | N91: 119.8 | O91: 130.9 | P91: 127.3 | Q91: 129.2 | R91: 126.4 | S91: 122 | T91: 125.7 | U91: 119 | V91: 119.8 | W91: 121.1 | X91: 118.5 | Y91: 112.9 | Z91: 116.9 | AA91: 123.1 | AB91: 112.8 | AC91: 117 | AD91: 123 | AE91: =SUM(D91:P91) -> 1623.5 | AF91: =SUM(Q91) -> 129.2 | AG91: =SUM(R91:T91) -> 374.1 | AH91: =SUM(U91:W91) -> 359.9 | AI91: =SUM(X91,AA91,AB91) -> 354.4 | AJ91: =SUM(Y91) -> 112.9 | AK91: =SUM(Z91) -> 116.9 | AL91: =SUM(AC91) -> 117
A92: Rural | B92: 2015 | C92: July | D92: 124 | E92: 131.5 | F92: 122 | G92: 128.7 | H92: 113.5 | I92: 133.3 | J92: 140.8 | K92: 133.8 | L92: 94.1 | M92: 123.4 | N92: 121 | O92: 131.7 | P92: 127.5 | Q92: 129.4 | R92: 128.8 | S92: 125.5 | T92: 128.3 | U92: NA | V92: 123 | W92: 123 | X92: 120.8 | Y92: 114.1 | Z92: 118 | AA92: 122.9 | AB92: 112.7 | AC92: 118.1 | AD92: 124.7 | AE92: =SUM(D92:P92) -> 1625.3 | AF92: =SUM(Q92) -> 129.4 | AG92: =SUM(R92:T92) -> 382.6 | AH92: =SUM(U92:W92) -> 246 | AI92: =SUM(X92,AA92,AB92) -> 356.4 | AJ92: =SUM(Y92) -> 114.1 | AK92: =SUM(Z92) -> 118 | AL92: =SUM(AC92) -> 118.1
A93: Urban | B93: 2015 | C93: July | D93: 123.2 | E93: 134.3 | F93: 119.5 | G93: 127.7 | H93: 106.3 | I93: 132.8 | J93: 153.5 | K93: 149.5 | L93: 85.7 | M93: 131.5 | N93: 118.3 | O93: 131.1 | P93: 129.5 | Q93: 133.1 | R93: 123.5 | S93: 117.9 | T93: 122.7 | U93: 119.9 | V93: 115.3 | W93: 119.5 | X93: 116 | Y93: 111.5 | Z93: 116.6 | AA93: 125.4 | AB93: 111.7 | AC93: 116.3 | AD93: 122.4 | AE93: =SUM(D93:P93) -> 1642.9 | AF93: =SUM(Q93) -> 133.1 | AG93: =SUM(R93:T93) -> 364.1 | AH93: =SUM(U93:W93) -> 354.7 | AI93: =SUM(X93,AA93,AB93) -> 353.1 | AJ93: =SUM(Y93) -> 111.5 | AK93: =SUM(Z93) -> 116.6 | AL93: =SUM(AC93) -> 116.3
A94: Rural+Urban | B94: 2015 | C94: July | D94: 123.7 | E94: 132.5 | F94: 121 | G94: 128.3 | H94: 110.9 | I94: 133.1 | J94: 145.1 | K94: 139.1 | L94: 91.3 | M94: 126.1 | N94: 119.9 | O94: 131.4 | P94: 128.2 | Q94: 130.4 | R94: 126.7 | S94: 122.3 | T94: 126.1 | U94: 119.9 | V94: 120.1 | W94: 121.3 | X94: 119 | Y94: 112.7 | Z94: 117.2 | AA94: 124.4 | AB94: 112.3 | AC94: 117.2 | AD94: 123.6 | AE94: =SUM(D94:P94) -> 1630.6 | AF94: =SUM(Q94) -> 130.4 | AG94: =SUM(R94:T94) -> 375.1 | AH94: =SUM(U94:W94) -> 361.3 | AI94: =SUM(X94,AA94,AB94) -> 355.7 | AJ94: =SUM(Y94) -> 112.7 | AK94: =SUM(Z94) -> 117.2 | AL94: =SUM(AC94) -> 117.2
A95: Rural | B95: 2015 | C95: August | D95: 124.7 | E95: 131.3 | F95: 121.3 | G95: 128.8 | H95: 114 | I95: 134.2 | J95: 153.6 | K95: 137.9 | L95: 93.1 | M95: 123.9 | N95: 121.5 | O95: 132.5 | P95: 129.8 | Q95: 130.1 | R95: 129.5 | S95: 126.3 | T95: 129 | U95: NA | V95: 123.8 | W95: 123.7 | X95: 121.1 | Y95: 113.6 | Z95: 118.5 | AA95: 123.6 | AB95: 112.5 | AC95: 118.2 | AD95: 126.1 | AE95: =SUM(D95:P95) -> 1646.6 | AF95: =SUM(Q95) -> 130.1 | AG95: =SUM(R95:T95) -> 384.8 | AH95: =SUM(U95:W95) -> 247.5 | AI95: =SUM(X95,AA95,AB95) -> 357.2 | AJ95: =SUM(Y95) -> 113.6 | AK95: =SUM(Z95) -> 118.5 | AL95: =SUM(AC95) -> 118.2
A96: Urban | B96: 2015 | C96: August | D96: 123.1 | E96: 131.7 | F96: 118.1 | G96: 128 | H96: 106.8 | I96: 130.1 | J96: 165.5 | K96: 156 | L96: 85.3 | M96: 132.7 | N96: 118.8 | O96: 131.7 | P96: 131.1 | Q96: 134.2 | R96: 123.7 | S96: 118.2 | T96: 122.9 | U96: 120.9 | V96: 115.3 | W96: 120 | X96: 116.6 | Y96: 109.9 | Z96: 117.2 | AA96: 126.2 | AB96: 112 | AC96: 116.2 | AD96: 123.2 | AE96: =SUM(D96:P96) -> 1658.9 | AF96: =SUM(Q96) -> 134.2 | AG96: =SUM(R96:T96) -> 364.8 | AH96: =SUM(U96:W96) -> 356.2 | AI96: =SUM(X96,AA96,AB96) -> 354.8 | AJ96: =SUM(Y96) -> 109.9 | AK96: =SUM(Z96) -> 117.2 | AL96: =SUM(AC96) -> 116.2
A97: Rural+Urban | B97: 2015 | C97: August | D97: 124.2 | E97: 131.4 | F97: 120.1 | G97: 128.5 | H97: 111.4 | I97: 132.3 | J97: 157.6 | K97: 144 | L97: 90.5 | M97: 126.8 | N97: 120.4 | O97: 132.1 | P97: 130.3 | Q97: 131.2 | R97: 127.2 | S97: 122.9 | T97: 126.6 | U97: 120.9 | V97: 120.6 | W97: 122 | X97: 119.4 | Y97: 111.7 | Z97: 117.8 | AA97: 125.1 | AB97: 112.3 | AC97: 117.2 | AD97: 124.8 | AE97: =SUM(D97:P97) -> 1649.6 | AF97: =SUM(Q97) -> 131.2 | AG97: =SUM(R97:T97) -> 376.7 | AH97: =SUM(U97:W97) -> 363.5 | AI97: =SUM(X97,AA97,AB97) -> 356.8 | AJ97: =SUM(Y97) -> 111.7 | AK97: =SUM(Z97) -> 117.8 | AL97: =SUM(AC97) -> 117.2
A98: Rural | B98: 2015 | C98: September | D98: 125.1 | E98: 131.1 | F98: 120.7 | G98: 129.2 | H98: 114.7 | I98: 132.3 | J98: 158.9 | K98: 142.1 | L98: 92.5 | M98: 125.4 | N98: 121.9 | O98: 132.7 | P98: 131 | Q98: 131 | R98: 130.4 | S98: 126.8 | T98: 129.9 | U98: NA | V98: 123.7 | W98: 124.5 | X98: 121.4 | Y98: 113.8 | Z98: 119.6 | AA98: 124.5 | AB98: 113.7 | AC98: 118.8 | AD98: 127 | AE98: =SUM(D98:P98) -> 1657.6 | AF98: =SUM(Q98) -> 131 | AG98: =SUM(R98:T98) -> 387.1 | AH98: =SUM(U98:W98) -> 248.2 | AI98: =SUM(X98,AA98,AB98) -> 359.6 | AJ98: =SUM(Y98) -> 113.8 | AK98: =SUM(Z98) -> 119.6 | AL98: =SUM(AC98) -> 118.8
A99: Urban | B99: 2015 | C99: September | D99: 123.4 | E99: 129 | F99: 115.6 | G99: 128.3 | H99: 107 | I99: 124 | J99: 168.5 | K99: 165.4 | L99: 86.3 | M99: 134.4 | N99: 119.1 | O99: 132.3 | P99: 131.5 | Q99: 134.7 | R99: 124 | S99: 118.6 | T99: 123.2 | U99: 121.6 | V99: 115.1 | W99: 120.4 | X99: 117.1 | Y99: 109.1 | Z99: 117.3 | AA99: 126.5 | AB99: 112.9 | AC99: 116.2 | AD99: 123.5 | AE99: =SUM(D99:P99) -> 1664.8 | AF99: =SUM(Q99) -> 134.7 | AG99: =SUM(R99:T99) -> 365.8 | AH99: =SUM(U99:W99) -> 357.1 | AI99: =SUM(X99,AA99,AB99) -> 356.5 | AJ99: =SUM(Y99) -> 109.1 | AK99: =SUM(Z99) -> 117.3 | AL99: =SUM(AC99) -> 116.2
A100: Rural+Urban | B100: 2015 | C100: September | D100: 124.6 | E100: 130.4 | F100: 118.7 | G100: 128.9 | H100: 111.9 | I100: 128.4 | J100: 162.2 | K100: 150 | L100: 90.4 | M100: 128.4 | N100: 120.7 | O100: 132.5 | P100: 131.2 | Q100: 132 | R100: 127.9 | S100: 123.4 | T100: 127.2 | U100: 121.6 | V100: 120.4 | W100: 122.6 | X100: 119.8 | Y100: 111.3 | Z100: 118.3 | AA100: 125.7 | AB100: 113.4 | AC100: 117.5 | AD100: 125.4 | AE100: =SUM(D100:P100) -> 1658.3 | AF100: =SUM(Q100) -> 132 | AG100: =SUM(R100:T100) -> 378.5 | AH100: =SUM(U100:W100) -> 364.6 | AI100: =SUM(X100,AA100,AB100) -> 358.9 | AJ100: =SUM(Y100) -> 111.3 | AK100: =SUM(Z100) -> 118.3 | AL100: =SUM(AC100) -> 117.5
...

Sheet Q1
A1: Analysis of CPI Contribution by Major Consumption Categories Bucket
A6: SECTOR | B6: RURAL+URBAN
A7: YEAR | B7: 2022 | BE7: RURAL | BG7: 2013 | BH7: JANUARY
A8: MONTH | B8: OCTOBER | L8: RURAL | N8: 2013 | O8: JANUARY | BE8: URBAN | BG8: 2014 | BH8: FEBRUARY
L9: URBAN | N9: 2014 | O9: FEBRUARY | BE9: RURAL+URBAN | BG9: 2015 | BH9: MARCH
L10: RURAL+URBAN | N10: 2015 | O10: MARCH | BG10: 2016 | BH10: APRIL
A11: Brodaer Category | B11: CPI Values | C11: % Contribution | N11: 2016 | O11: APRIL | BG11: 2017 | BH11: MAY
A12: FOOD & NON-ALCHOLIC BEVERAGES | B12: {=INDEX(EXP!AE:AL,MATCH(1,(EXP!A:A=$B$6)*(EXP!B:B=$B$7)*(EXP!C:C=$B$8),0),MATCH($A12,EXP!AE$1:AL$1,0))} -> 2297.3 | C12: =B12/$B$20 -> 0.50162674 | N12: 2017 | O12: MAY | BG12: 2018 | BH12: JUNE
A13: ALCOHOL,TOBACCO & INTOXICANTS | B13: {=INDEX(EXP!AE:AL,MATCH(1,(EXP!A:A=$B$6)*(EXP!B:B=$B$7)*(EXP!C:C=$B$8),0),MATCH($A13,EXP!AE$1:AL$1,0))} -> 196.3 | C13: =B13/$B$20 -> 0.04286307 | N13: 2018 | O13: JUNE | BG13: 2019 | BH13: JULY
A14: CLOTHING AND FOOTWEAR | B14: {=INDEX(EXP!AE:AL,MATCH(1,(EXP!A:A=$B$6)*(EXP!B:B=$B$7)*(EXP!C:C=$B$8),0),MATCH($A14,EXP!AE$1:AL$1,0))} -> 538.2 | C14: =B14/$B$20 -> 0.11751861 | N14: 2019 | O14: JULY | BG14: 2020 | BH14: AUGUST
A15: HOUSING,FUEL AND UTILITIES | B15: {=INDEX(EXP!AE:AL,MATCH(1,(EXP!A:A=$B$6)*(EXP!B:B=$B$7)*(EXP!C:C=$B$8),0),MATCH($A15,EXP!AE$1:AL$1,0))} -> 522.1 | C15: =B15/$B$20 -> 0.1140031 | N15: 2020 | O15: AUGUST | BG15: 2021 | BH15: SEPTEMBER
A16: HEALTHCARE AND EDUCATION | B16: {=INDEX(EXP!AE:AL,MATCH(1,(EXP!A:A=$B$6)*(EXP!B:B=$B$7)*(EXP!C:C=$B$8),0),MATCH($A16,EXP!AE$1:AL$1,0))} -> 524.2 | C16: =B16/$B$20 -> 0.11446165 | N16: 2021 | O16: SEPTEMBER | BG16: 2022 | BH16: OCTOBER
A17: TRANSPORT & COMMUNICATION | B17: {=INDEX(EXP!AE:AL,MATCH(1,(EXP!A:A=$B$6)*(EXP!B:B=$B$7)*(EXP!C:C=$B$8),0),MATCH($A17,EXP!AE$1:AL$1,0))} -> 162.9 | C17: =B17/$B$20 -> 0.035570016 | N17: 2022 | O17: OCTOBER | BG17: 2023 | BH17: NOVEMBER
A18: RECREATION AND CULTURE | B18: {=INDEX(EXP!AE:AL,MATCH(1,(EXP!A:A=$B$6)*(EXP!B:B=$B$7)*(EXP!C:C=$B$8),0),MATCH($A18,EXP!AE$1:AL$1,0))} -> 168.2 | C18: =B18/$B$20 -> 0.036727297 | N18: 2023 | O18: NOVEMBER | BH18: DECEMBER
A19: MISCELLANEOUS | B19: {=INDEX(EXP!AE:AL,MATCH(1,(EXP!A:A=$B$6)*(EXP!B:B=$B$7)*(EXP!C:C=$B$8),0),MATCH($A19,EXP!AE$1:AL$1,0))} -> 170.5 | C19: =B19/$B$20 -> 0.037229513 | O19: DECEMBER
A20: Total | B20: =SUM(B12:B19) -> 4579.7
A34: Recommendation: Food & Non-Alcoholic Beverages is the biggest contributor to CPI inflation. Monitoring food prices along with other high-contribution categories can provide better understanding of overall inflation movement.

Sheet Q2 I
A1: Y-O-Y Inflation Trend Analysis
A5: Sector | B5: Year | C5: Month | D5: General Index | E5: Inflation Rate
A6: Rural+Urban | B6: 2017 | C6: January | D6: {=INDEX(EXP!AD:AD,MATCH(1,(EXP!A:A=$A6)*(EXP!B:B=$B6)*(EXP!C:C=$C6),0))} -> 130.3 | E6: =(D7-D6)/D6 -> 0.05295472
A7: Rural+Urban | B7: 2017 | C7: December | D7: {=INDEX(EXP!AD:AD,MATCH(1,(EXP!A:A=$A7)*(EXP!B:B=$B7)*(EXP!C:C=$C7),0))} -> 137.2
A8: Rural+Urban | B8: 2018 | C8: January | D8: {=INDEX(EXP!AD:AD,MATCH(1,(EXP!A:A=$A8)*(EXP!B:B=$B8)*(EXP!C:C=$C8),0))} -> 136.9 | E8: =(D9-D8)/D8 -> 0.023374726
A9: Rural+Urban | B9: 2018 | C9: December | D9: {=INDEX(EXP!AD:AD,MATCH(1,(EXP!A:A=$A9)*(EXP!B:B=$B9)*(EXP!C:C=$C9),0))} -> 140.1
A10: Rural+Urban | B10: 2019 | C10: January | D10: {=INDEX(EXP!AD:AD,MATCH(1,(EXP!A:A=$A10)*(EXP!B:B=$B10)*(EXP!C:C=$C10),0))} -> 139.6 | E10: =(D11-D10)/D10 -> 0.077363897
A11: Rural+Urban | B11: 2019 | C11: December | D11: {=INDEX(EXP!AD:AD,MATCH(1,(EXP!A:A=$A11)*(EXP!B:B=$B11)*(EXP!C:C=$C11),0))} -> 150.4
A12: Rural+Urban | B12: 2020 | C12: January | D12: {=INDEX(EXP!AD:AD,MATCH(1,(EXP!A:A=$A12)*(EXP!B:B=$B12)*(EXP!C:C=$C12),0))} -> 150.2 | E12: =(D13-D12)/D12 -> 0.05792277
A13: Rural+Urban | B13: 2020 | C13: December | D13: {=INDEX(EXP!AD:AD,MATCH(1,(EXP!A:A=$A13)*(EXP!B:B=$B13)*(EXP!C:C=$C13),0))} -> 158.9
A14: Rural+Urban | B14: 2021 | C14: January | D14: {=INDEX(EXP!AD:AD,MATCH(1,(EXP!A:A=$A14)*(EXP!B:B=$B14)*(EXP!C:C=$C14),0))} -> 157.3 | E14: =(D15-D14)/D14 -> 0.056579784
A15: Rural+Urban | B15: 2021 | C15: December | D15: {=INDEX(EXP!AD:AD,MATCH(1,(EXP!A:A=$A15)*(EXP!B:B=$B15)*(EXP!C:C=$C15),0))} -> 166.2
A16: Rural+Urban | B16: 2022 | C16: January | D16: {=INDEX(EXP!AD:AD,MATCH(1,(EXP!A:A=$A16)*(EXP!B:B=$B16)*(EXP!C:C=$C16),0))} -> 165.7 | E16: =(D17-D16)/D16 -> 0.06035003
A17: Rural+Urban | B17: 2022 | C17: December | D17: {=INDEX(EXP!AD:AD,MATCH(1,(EXP!A:A=$A17)*(EXP!B:B=$B17)*(EXP!C:C=$C17),0))} -> 175.7
A18: Rural+Urban | B18: 2023 | C18: January | D18: {=INDEX(EXP!AD:AD,MATCH(1,(EXP!A:A=$A18)*(EXP!B:B=$B18)*(EXP!C:C=$C18),0))} -> 176.5 | E18: =(D19-D18)/D18 -> 0.014730878
A19: Rural+Urban | B19: 2023 | C19: May | D19: {=INDEX(EXP!AD:AD,MATCH(1,(EXP!A:A=$A19)*(EXP!B:B=$B19)*(EXP!C:C=$C19),0))} -> 179.1
A21: Row Labels | B21: Sum of Inflation Rate
A22: 2017 | B22: 0.05295472
A23: 2018 | B23: 0.023374726
A24: 2019 | B24: 0.077363897
A25: 2020 | B25: 0.05792277
A26: 2021 | B26: 0.056579784
A27: 2022 | B27: 0.06035003
A28: 2023 | B28: 0.014730878
A29: Grand Total | B29: 0.3432768
A31: Recommendation : 2019 recorded the highest inflation rate at 7.74%, while 2023 showed the lowest at 1.47%. Monitoring yearly inflation trends helps identify periods of higher price pressure and stability.

Sheet Q2 II
A1: Category-wise Inflation Analysis and Identification of Major Inflation Drivers
A5: Year | B5: Month | C5: Cereals and products | D5: Meat and fish | E5: Egg | F5: Milk and products | G5: Oils and fats | H5: Fruits | I5: Vegetables | J5: Pulses and products | K5: Sugar and Confectionery | L5: Spices | M5: Non-alcoholic beverages | N5: Prepared meals, snacks, sweets etc. | O5: Food and beverages | P5: Pan, tobacco and intoxicants | Q5: Clothing | R5: Footwear | S5: Clothing and footwear | T5: Housing | U5: Fuel and light | V5: Household goods and services | W5: Health | X5: Transport and communication | Y5: Recreation and amusement | Z5: Education | AA5: Personal care and effects | AB5: Miscellaneous
A6: 2019 | B6: January | C6: 137.1 | D6: 151.4 | E6: 140.2 | F6: 142.1 | G6: 121.8 | H6: 135.4 | I6: 131.3 | J6: 120.3 | K6: 109.1 | L6: 139.4 | M6: 133.3 | N6: 154.6 | O6: 137.4 | P6: 163.2 | Q6: 147.6 | R6: 139 | S6: 146.4 | T6: 147.7 | U6: 139.5 | V6: 143.6 | W6: 145.1 | X6: 123.3 | Y6: 136.7 | Z6: 150.2 | AA6: 132.8 | AB6: 136.9
A7: 2019 | B7: February | C7: 137.6 | D7: 152 | E7: 141.5 | F7: 142.2 | G7: 122 | H7: 136.4 | I7: 129.7 | J7: 121 | K7: 109 | L7: 139.7 | M7: 133.6 | N7: 154.9 | O7: 137.5 | P7: 163.4 | Q7: 147.7 | R7: 139.7 | S7: 146.5 | T7: 148.5 | U7: 138.4 | V7: 143.7 | W7: 145.6 | X7: 123.9 | Y7: 137.1 | Z7: 150.3 | AA7: 134.1 | AB7: 137.4
A8: 2019 | B8: March | C8: 137.8 | D8: 153 | E8: 140.3 | F8: 142.3 | G8: 122 | H8: 137.6 | I8: 132.6 | J8: 121.8 | K8: 109 | L8: 139.5 | M8: 133.7 | N8: 155.2 | O8: 138.1 | P8: 163.5 | Q8: 147.9 | R8: 139.9 | S8: 146.7 | T8: 149 | U8: 139.7 | V8: 143.8 | W8: 146.2 | X8: 124.6 | Y8: 137.7 | Z8: 150.3 | AA8: 133.4 | AB8: 137.7
A9: 2019 | B9: May | C9: 138.3 | D9: 158.5 | E9: 136 | F9: 142.5 | G9: 122 | H9: 146.5 | I9: 143 | J9: 124.9 | K9: 109.9 | L9: 139.9 | M9: 134 | N9: 155.5 | O9: 140.9 | P9: 164.1 | Q9: 148.4 | R9: 140.4 | S9: 147.3 | T9: 150.1 | U9: 140.3 | V9: 143.7 | W9: 146.9 | X9: 124.9 | Y9: 139.2 | Z9: 151.6 | AA9: 133.4 | AB9: 138.2
A10: 2019 | B10: June | C10: 138.7 | D10: 162.1 | E10: 137.8 | F10: 143.3 | G10: 122.2 | H10: 146.8 | I10: 150.5 | J10: 128.3 | K10: 111 | L10: 140.6 | M10: 134.2 | N10: 155.9 | O10: 142.7 | P10: 164.9 | Q10: 148.6 | R10: 140.4 | S10: 147.4 | T10: 149.4 | U10: 141.2 | V10: 143.8 | W10: 147.4 | X10: 124.6 | Y10: 139.6 | Z10: 152.5 | AA10: 134.3 | AB10: 138.6
A11: 2019 | B11: July | C11: 139.3 | D11: 162.7 | E11: 140 | F11: 144 | G11: 122.5 | H11: 150.3 | I11: 160.3 | J11: 130 | K11: 111.1 | L11: 141.7 | M11: 134.7 | N11: 156.2 | O11: 144.7 | P11: 165.2 | Q11: 148.9 | R11: 140.5 | S11: 147.6 | T11: 150.6 | U11: 139.3 | V11: 144.2 | W11: 147.9 | X11: 125.6 | Y11: 140.5 | Z11: 154 | AA11: 135.7 | AB11: 139.5
A12: 2019 | B12: August | C12: 140.1 | D12: 160.6 | E12: 138.5 | F12: 144.7 | G12: 122.9 | H12: 149.4 | I12: 167.4 | J12: 130.9 | K12: 112 | L12: 142.6 | M12: 134.9 | N12: 156.6 | O12: 145.9 | P12: 165.8 | Q12: 149.1 | R12: 140.6 | S12: 147.9 | T12: 151.6 | U12: 138.5 | V12: 144.5 | W12: 148.5 | X12: 125.8 | Y12: 140.9 | Z12: 154.9 | AA12: 138.4 | AB12: 140.2
A13: 2019 | B13: September | C13: 140.9 | D13: 160.8 | E13: 139.6 | F13: 145.4 | G13: 123.5 | H13: 146.6 | I13: 173.2 | J13: 131.6 | K13: 113.2 | L13: 144.1 | M13: 135 | N13: 156.8 | O13: 147 | P13: 166.5 | Q13: 149.2 | R13: 140.6 | S13: 147.9 | T13: 152.2 | U13: 139.2 | V13: 144.6 | W13: 149 | X13: 126.1 | Y13: 141.3 | Z13: 155.2 | AA13: 139.7 | AB13: 140.7
A14: 2019 | B14: October | C14: 141.8 | D14: 161 | E14: 142.6 | F14: 146.2 | G14: 123.9 | H14: 148 | I14: 188.4 | J14: 132.5 | K14: 114 | L14: 145.4 | M14: 135.1 | N14: 157.1 | O14: 149.6 | P14: 167.1 | Q14: 149.4 | R14: 140.8 | S14: 148.2 | T14: 153 | U14: 140.6 | V14: 145 | W14: 149.4 | X14: 126.3 | Y14: 141.7 | Z14: 155.4 | AA14: 140 | AB14: 141
A15: 2019 | B15: November | C15: 142.5 | D15: 163.2 | E15: 145.6 | F15: 146.7 | G15: 124.3 | H15: 147.4 | I15: 199.6 | J15: 135.7 | K15: 114.2 | L15: 147 | M15: 135.3 | N15: 157.5 | O15: 151.9 | P15: 167.9 | Q15: 149.9 | R15: 141 | S15: 148.6 | T15: 153.5 | U15: 142.3 | V15: 145.3 | W15: 149.9 | X15: 126.6 | Y15: 142.1 | Z15: 155.5 | AA15: 140.3 | AB15: 141.3
A16: 2019 | B16: December | C16: 143.5 | D16: 165 | E16: 151.1 | F16: 148.3 | G16: 125.7 | H16: 145.7 | I16: 217 | J16: 138.3 | K16: 114 | L16: 148.7 | M16: 135.8 | N16: 158 | O16: 155 | P16: 168.5 | Q16: 150.3 | R16: 141.3 | S16: 149 | T16: 152.8 | U16: 143.7 | V16: 145.8 | W16: 150.4 | X16: 129.8 | Y16: 142.3 | Z16: 155.7 | AA16: 140.4 | AB16: 142.5
A17: INFLATION | C17: =(C16-C6)/C6 -> 0.046681255 | D17: =(D16-D6)/D6 -> 0.089828269 | E17: =(E16-E6)/E6 -> 0.077746077 | F17: =(F16-F6)/F6 -> 0.043631246 | G17: =(G16-G6)/G6 -> 0.032019704 | H17: =(H16-H6)/H6 -> 0.076070901 | I17: =(I16-I6)/I6 -> 0.65270373 | J17: =(J16-J6)/J6 -> 0.14962594 | ... AB17: =(AB16-AB6)/AB6 -> 0.040905771
A19: Recommendation : Food categories, especially Vegetables and (Pulses and Products), showed the highest inflation growth in 2019. Monitoring these categories is important as they had a major impact on category-level inflation movement.

Sheet Q3 I
A1: Month-on-Month CPI Inflation Trend Analysis
A5: Sector | B5: Year | C5: Month | D5: Cereals and products | E5: Meat and fish | F5: Egg | G5: Milk and products | H5: Oils and fats | I5: Fruits | J5: Vegetables | K5: Pulses and products | L5: Sugar and Confectionery | M5: Spices | N5: Non-alcoholic beverages | O5: Prepared meals, snacks, sweets etc. | P5: Food and beverages | Q5: total values of category | R5: Inflation Rate
A6: Rural+Urban | B6: 2022 | C6: May | D6: {=INDEX(EXP!$D:$AA,MATCH(1,(EXP!$A:$A=$A6)*(EXP!$B:$B=$B6)*(EXP!$C:$C=$C6),0),MATCH(D$5,EXP!$D$1:$AA$1,0))} -> 154.1 | E6: {=INDEX(EXP!$D:$AA,MATCH(1,(EXP!$A:$A=$A6)*(EXP!$B:$B=$B6)*(EXP!$C:$C=$C6),0),MATCH(E$5,EXP!$D$1:$AA$1,0))} -> 217 | F6: {=INDEX(EXP!$D:$AA,MATCH(1,(EXP!$A:$A=$A6)*(EXP!$B:$B=$B6)*(EXP!$C:$C=$C6),0),MATCH(F$5,EXP!$D$1:$AA$1,0))} -> 162.4 | G6: {=INDEX(EXP!$D:$AA,MATCH(1,(EXP!$A:$A=$A6)*(EXP!$B:$B=$B6)*(EXP!$C:$C=$C6),0),MATCH(G$5,EXP!$D$1:$AA$1,0))} -> 164.9 | H6: {=INDEX(EXP!$D:$AA,MATCH(1,(EXP!$A:$A=$A6)*(EXP!$B:$B=$B6)*(EXP!$C:$C=$C6),0),MATCH(H$5,EXP!$D$1:$AA$1,0))} -> 202.4 | I6: {=INDEX(EXP!$D:$AA,MATCH(1,(EXP!$A:$A=$A6)*(EXP!$B:$B=$B6)*(EXP!$C:$C=$C6),0),MATCH(I$5,EXP!$D$1:$AA$1,0))} -> 171 | J6: {=INDEX(EXP!$D:$AA,MATCH(1,(EXP!$A:$A=$A6)*(EXP!$B:$B=$B6)*(EXP!$C:$C=$C6),0),MATCH(J$5,EXP!$D$1:$AA$1,0))} -> 174.9 | K6: {=INDEX(EXP!$D:$AA,MATCH(1,(EXP!$A:$A=$A6)*(EXP!$B:$B=$B6)*(EXP!$C:$C=$C6),0),MATCH(K$5,EXP!$D$1:$AA$1,0))} -> 164.7 | ... P6: {=INDEX(EXP!$D:$AA,MATCH(1,(EXP!$A:$A=$A6)*(EXP!$B:$B=$B6)*(EXP!$C:$C=$C6),0),MATCH(P$5,EXP!$D$1:$AA$1,0))} -> 173.3 | Q6: =SUM(D6:P6) -> 2238.9
A7: Rural+Urban | B7: 2022 | C7: June | D7: {=INDEX(EXP!$D:$AA,MATCH(1,(EXP!$A:$A=$A7)*(EXP!$B:$B=$B7)*(EXP!$C:$C=$C7),0),MATCH(D$5,EXP!$D$1:$AA$1,0))} -> 155 | E7: {=INDEX(EXP!$D:$AA,MATCH(1,(EXP!$A:$A=$A7)*(EXP!$B:$B=$B7)*(EXP!$C:$C=$C7),0),MATCH(E$5,EXP!$D$1:$AA$1,0))} -> 219.4 | F7: {=INDEX(EXP!$D:$AA,MATCH(1,(EXP!$A:$A=$A7)*(EXP!$B:$B=$B7)*(EXP!$C:$C=$C7),0),MATCH(F$5,EXP!$D$1:$AA$1,0))} -> 170.8 | G7: {=INDEX(EXP!$D:$AA,MATCH(1,(EXP!$A:$A=$A7)*(EXP!$B:$B=$B7)*(EXP!$C:$C=$C7),0),MATCH(G$5,EXP!$D$1:$AA$1,0))} -> 165.8 | H7: {=INDEX(EXP!$D:$AA,MATCH(1,(EXP!$A:$A=$A7)*(EXP!$B:$B=$B7)*(EXP!$C:$C=$C7),0),MATCH(H$5,EXP!$D$1:$AA$1,0))} -> 200.9 | I7: {=INDEX(EXP!$D:$AA,MATCH(1,(EXP!$A:$A=$A7)*(EXP!$B:$B=$B7)*(EXP!$C:$C=$C7),0),MATCH(I$5,EXP!$D$1:$AA$1,0))} -> 169.7 | J7: {=INDEX(EXP!$D:$AA,MATCH(1,(EXP!$A:$A=$A7)*(EXP!$B:$B=$B7)*(EXP!$C:$C=$C7),0),MATCH(J$5,EXP!$D$1:$AA$1,0))} -> 182.3 | K7: {=INDEX(EXP!$D:$AA,MATCH(1,(EXP!$A:$A=$A7)*(EXP!$B:$B=$B7)*(EXP!$C:$C=$C7),0),MATCH(K$5,EXP!$D$1:$AA$1,0))} -> 164.3 | ... P7: {=INDEX(EXP!$D:$AA,MATCH(1,(EXP!$A:$A=$A7)*(EXP!$B:$B=$B7)*(EXP!$C:$C=$C7),0),MATCH(P$5,EXP!$D$1:$AA$1,0))} -> 174.9 | Q7: =SUM(D7:P7) -> 2261.9 | R7: =(Q7-Q6)/Q6 -> 0.010272902
A8: Rural+Urban | B8: 2022 | C8: July | D8: {=INDEX(EXP!$D:$AA,MATCH(1,(EXP!$A:$A=$A8)*(EXP!$B:$B=$B8)*(EXP!$C:$C=$C8),0),MATCH(D$5,EXP!$D$1:$AA$1,0))} -> 156.5 | E8: {=INDEX(EXP!$D:$AA,MATCH(1,(EXP!$A:$A=$A8)*(EXP!$B:$B=$B8)*(EXP!$C:$C=$C8),0),MATCH(E$5,EXP!$D$1:$AA$1,0))} -> 213 | F8: {=INDEX(EXP!$D:$AA,MATCH(1,(EXP!$A:$A=$A8)*(EXP!$B:$B=$B8)*(EXP!$C:$C=$C8),0),MATCH(F$5,EXP!$D$1:$AA$1,0))} -> 175.2 | G8: {=INDEX(EXP!$D:$AA,MATCH(1,(EXP!$A:$A=$A8)*(EXP!$B:$B=$B8)*(EXP!$C:$C=$C8),0),MATCH(G$5,EXP!$D$1:$AA$1,0))} -> 166.6 | H8: {=INDEX(EXP!$D:$AA,MATCH(1,(EXP!$A:$A=$A8)*(EXP!$B:$B=$B8)*(EXP!$C:$C=$C8),0),MATCH(H$5,EXP!$D$1:$AA$1,0))} -> 195.8 | I8: {=INDEX(EXP!$D:$AA,MATCH(1,(EXP!$A:$A=$A8)*(EXP!$B:$B=$B8)*(EXP!$C:$C=$C8),0),MATCH(I$5,EXP!$D$1:$AA$1,0))} -> 174.2 | J8: {=INDEX(EXP!$D:$AA,MATCH(1,(EXP!$A:$A=$A8)*(EXP!$B:$B=$B8)*(EXP!$C:$C=$C8),0),MATCH(J$5,EXP!$D$1:$AA$1,0))} -> 182.1 | K8: {=INDEX(EXP!$D:$AA,MATCH(1,(EXP!$A:$A=$A8)*(EXP!$B:$B=$B8)*(EXP!$C:$C=$C8),0),MATCH(K$5,EXP!$D$1:$AA$1,0))} -> 164.3 | ... P8: {=INDEX(EXP!$D:$AA,MATCH(1,(EXP!$A:$A=$A8)*(EXP!$B:$B=$B8)*(EXP!$C:$C=$C8),0),MATCH(P$5,EXP!$D$1:$AA$1,0))} -> 175 | Q8: =SUM(D8:P8) -> 2266.3 | R8: =(Q8-Q7)/Q7 -> 0.0019452673
A9: Rural+Urban | B9: 2022 | C9: August | D9: {=INDEX(EXP!$D:$AA,MATCH(1,(EXP!$A:$A=$A9)*(EXP!$B:$B=$B9)*(EXP!$C:$C=$C9),0),MATCH(D$5,EXP!$D$1:$AA$1,0))} -> 160.3 | E9: {=INDEX(EXP!$D:$AA,MATCH(1,(EXP!$A:$A=$A9)*(EXP!$B:$B=$B9)*(EXP!$C:$C=$C9),0),MATCH(E$5,EXP!$D$1:$AA$1,0))} -> 206.5 | F9: {=INDEX(EXP!$D:$AA,MATCH(1,(EXP!$A:$A=$A9)*(EXP!$B:$B=$B9)*(EXP!$C:$C=$C9),0),MATCH(F$5,EXP!$D$1:$AA$1,0))} -> 169.2 | G9: {=INDEX(EXP!$D:$AA,MATCH(1,(EXP!$A:$A=$A9)*(EXP!$B:$B=$B9)*(EXP!$C:$C=$C9),0),MATCH(G$5,EXP!$D$1:$AA$1,0))} -> 168.1 | H9: {=INDEX(EXP!$D:$AA,MATCH(1,(EXP!$A:$A=$A9)*(EXP!$B:$B=$B9)*(EXP!$C:$C=$C9),0),MATCH(H$5,EXP!$D$1:$AA$1,0))} -> 192.4 | I9: {=INDEX(EXP!$D:$AA,MATCH(1,(EXP!$A:$A=$A9)*(EXP!$B:$B=$B9)*(EXP!$C:$C=$C9),0),MATCH(I$5,EXP!$D$1:$AA$1,0))} -> 172.9 | J9: {=INDEX(EXP!$D:$AA,MATCH(1,(EXP!$A:$A=$A9)*(EXP!$B:$B=$B9)*(EXP!$C:$C=$C9),0),MATCH(J$5,EXP!$D$1:$AA$1,0))} -> 186.7 | K9: {=INDEX(EXP!$D:$AA,MATCH(1,(EXP!$A:$A=$A9)*(EXP!$B:$B=$B9)*(EXP!$C:$C=$C9),0),MATCH(K$5,EXP!$D$1:$AA$1,0))} -> 167.2 | ... P9: {=INDEX(EXP!$D:$AA,MATCH(1,(EXP!$A:$A=$A9)*(EXP!$B:$B=$B9)*(EXP!$C:$C=$C9),0),MATCH(P$5,EXP!$D$1:$AA$1,0))} -> 176.3 | Q9: =SUM(D9:P9) -> 2269.2 | R9: =(Q9-Q8)/Q8 -> 0.0012796188
A10: Rural+Urban | B10: 2022 | C10: September | D10: {=INDEX(EXP!$D:$AA,MATCH(1,(EXP!$A:$A=$A10)*(EXP!$B:$B=$B10)*(EXP!$C:$C=$C10),0),MATCH(D$5,EXP!$D$1:$AA$1,0))} -> 163.5 | E10: {=INDEX(EXP!$D:$AA,MATCH(1,(EXP!$A:$A=$A10)*(EXP!$B:$B=$B10)*(EXP!$C:$C=$C10),0),MATCH(E$5,EXP!$D$1:$AA$1,0))} -> 209.2 | F10: {=INDEX(EXP!$D:$AA,MATCH(1,(EXP!$A:$A=$A10)*(EXP!$B:$B=$B10)*(EXP!$C:$C=$C10),0),MATCH(F$5,EXP!$D$1:$AA$1,0))} -> 169.7 | G10: {=INDEX(EXP!$D:$AA,MATCH(1,(EXP!$A:$A=$A10)*(EXP!$B:$B=$B10)*(EXP!$C:$C=$C10),0),MATCH(G$5,EXP!$D$1:$AA$1,0))} -> 169.7 | H10: {=INDEX(EXP!$D:$AA,MATCH(1,(EXP!$A:$A=$A10)*(EXP!$B:$B=$B10)*(EXP!$C:$C=$C10),0),MATCH(H$5,EXP!$D$1:$AA$1,0))} -> 188.7 | I10: {=INDEX(EXP!$D:$AA,MATCH(1,(EXP!$A:$A=$A10)*(EXP!$B:$B=$B10)*(EXP!$C:$C=$C10),0),MATCH(I$5,EXP!$D$1:$AA$1,0))} -> 165.7 | J10: {=INDEX(EXP!$D:$AA,MATCH(1,(EXP!$A:$A=$A10)*(EXP!$B:$B=$B10)*(EXP!$C:$C=$C10),0),MATCH(J$5,EXP!$D$1:$AA$1,0))} -> 191.8 | K10: {=INDEX(EXP!$D:$AA,MATCH(1,(EXP!$A:$A=$A10)*(EXP!$B:$B=$B10)*(EXP!$C:$C=$C10),0),MATCH(K$5,EXP!$D$1:$AA$1,0))} -> 169.1 | ... P10: {=INDEX(EXP!$D:$AA,MATCH(1,(EXP!$A:$A=$A10)*(EXP!$B:$B=$B10)*(EXP!$C:$C=$C10),0),MATCH(P$5,EXP!$D$1:$AA$1,0))} -> 177.8 | Q10: =SUM(D10:P10) -> 2280.9 | R10: =(Q10-Q9)/Q9 -> 0.0051560021
A11: Rural+Urban | B11: 2022 | C11: October | D11: {=INDEX(EXP!$D:$AA,MATCH(1,(EXP!$A:$A=$A11)*(EXP!$B:$B=$B11)*(EXP!$C:$C=$C11),0),MATCH(D$5,EXP!$D$1:$AA$1,0))} -> 165.2 | E11: {=INDEX(EXP!$D:$AA,MATCH(1,(EXP!$A:$A=$A11)*(EXP!$B:$B=$B11)*(EXP!$C:$C=$C11),0),MATCH(E$5,EXP!$D$1:$AA$1,0))} -> 210.9 | F11: {=INDEX(EXP!$D:$AA,MATCH(1,(EXP!$A:$A=$A11)*(EXP!$B:$B=$B11)*(EXP!$C:$C=$C11),0),MATCH(F$5,EXP!$D$1:$AA$1,0))} -> 170.9 | G11: {=INDEX(EXP!$D:$AA,MATCH(1,(EXP!$A:$A=$A11)*(EXP!$B:$B=$B11)*(EXP!$C:$C=$C11),0),MATCH(G$5,EXP!$D$1:$AA$1,0))} -> 170.9 | H11: {=INDEX(EXP!$D:$AA,MATCH(1,(EXP!$A:$A=$A11)*(EXP!$B:$B=$B11)*(EXP!$C:$C=$C11),0),MATCH(H$5,EXP!$D$1:$AA$1,0))} -> 186.5 | I11: {=INDEX(EXP!$D:$AA,MATCH(1,(EXP!$A:$A=$A11)*(EXP!$B:$B=$B11)*(EXP!$C:$C=$C11),0),MATCH(I$5,EXP!$D$1:$AA$1,0))} -> 163.8 | J11: {=INDEX(EXP!$D:$AA,MATCH(1,(EXP!$A:$A=$A11)*(EXP!$B:$B=$B11)*(EXP!$C:$C=$C11),0),MATCH(J$5,EXP!$D$1:$AA$1,0))} -> 199.7 | K11: {=INDEX(EXP!$D:$AA,MATCH(1,(EXP!$A:$A=$A11)*(EXP!$B:$B=$B11)*(EXP!$C:$C=$C11),0),MATCH(K$5,EXP!$D$1:$AA$1,0))} -> 169.8 | ... P11: {=INDEX(EXP!$D:$AA,MATCH(1,(EXP!$A:$A=$A11)*(EXP!$B:$B=$B11)*(EXP!$C:$C=$C11),0),MATCH(P$5,EXP!$D$1:$AA$1,0))} -> 179.6 | Q11: =SUM(D11:P11) -> 2297.3 | R11: =(Q11-Q10)/Q10 -> 0.0071901442
A12: Rural+Urban | B12: 2022 | C12: November | D12: {=INDEX(EXP!$D:$AA,MATCH(1,(EXP!$A:$A=$A12)*(EXP!$B:$B=$B12)*(EXP!$C:$C=$C12),0),MATCH(D$5,EXP!$D$1:$AA$1,0))} -> 167.4 | E12: {=INDEX(EXP!$D:$AA,MATCH(1,(EXP!$A:$A=$A12)*(EXP!$B:$B=$B12)*(EXP!$C:$C=$C12),0),MATCH(E$5,EXP!$D$1:$AA$1,0))} -> 209.4 | F12: {=INDEX(EXP!$D:$AA,MATCH(1,(EXP!$A:$A=$A12)*(EXP!$B:$B=$B12)*(EXP!$C:$C=$C12),0),MATCH(F$5,EXP!$D$1:$AA$1,0))} -> 181.4 | G12: {=INDEX(EXP!$D:$AA,MATCH(1,(EXP!$A:$A=$A12)*(EXP!$B:$B=$B12)*(EXP!$C:$C=$C12),0),MATCH(G$5,EXP!$D$1:$AA$1,0))} -> 172.3 | H12: {=INDEX(EXP!$D:$AA,MATCH(1,(EXP!$A:$A=$A12)*(EXP!$B:$B=$B12)*(EXP!$C:$C=$C12),0),MATCH(H$5,EXP!$D$1:$AA$1,0))} -> 188.9 | I12: {=INDEX(EXP!$D:$AA,MATCH(1,(EXP!$A:$A=$A12)*(EXP!$B:$B=$B12)*(EXP!$C:$C=$C12),0),MATCH(I$5,EXP!$D$1:$AA$1,0))} -> 160.7 | J12: {=INDEX(EXP!$D:$AA,MATCH(1,(EXP!$A:$A=$A12)*(EXP!$B:$B=$B12)*(EXP!$C:$C=$C12),0),MATCH(J$5,EXP!$D$1:$AA$1,0))} -> 183.1 | K12: {=INDEX(EXP!$D:$AA,MATCH(1,(EXP!$A:$A=$A12)*(EXP!$B:$B=$B12)*(EXP!$C:$C=$C12),0),MATCH(K$5,EXP!$D$1:$AA$1,0))} -> 170.5 | ... P12: {=INDEX(EXP!$D:$AA,MATCH(1,(EXP!$A:$A=$A12)*(EXP!$B:$B=$B12)*(EXP!$C:$C=$C12),0),MATCH(P$5,EXP!$D$1:$AA$1,0))} -> 178.3 | Q12: =SUM(D12:P12) -> 2296.8 | R12: =(Q12-Q11)/Q11 -> -0.0002176468
A13: Rural+Urban | B13: 2022 | C13: December | D13: {=INDEX(EXP!$D:$AA,MATCH(1,(EXP!$A:$A=$A13)*(EXP!$B:$B=$B13)*(EXP!$C:$C=$C13),0),MATCH(D$5,EXP!$D$1:$AA$1,0))} -> 169.2 | E13: {=INDEX(EXP!$D:$AA,MATCH(1,(EXP!$A:$A=$A13)*(EXP!$B:$B=$B13)*(EXP!$C:$C=$C13),0),MATCH(E$5,EXP!$D$1:$AA$1,0))} -> 209 | F13: {=INDEX(EXP!$D:$AA,MATCH(1,(EXP!$A:$A=$A13)*(EXP!$B:$B=$B13)*(EXP!$C:$C=$C13),0),MATCH(F$5,EXP!$D$1:$AA$1,0))} -> 190.2 | G13: {=INDEX(EXP!$D:$AA,MATCH(1,(EXP!$A:$A=$A13)*(EXP!$B:$B=$B13)*(EXP!$C:$C=$C13),0),MATCH(G$5,EXP!$D$1:$AA$1,0))} -> 173.6 | H13: {=INDEX(EXP!$D:$AA,MATCH(1,(EXP!$A:$A=$A13)*(EXP!$B:$B=$B13)*(EXP!$C:$C=$C13),0),MATCH(H$5,EXP!$D$1:$AA$1,0))} -> 188.5 | I13: {=INDEX(EXP!$D:$AA,MATCH(1,(EXP!$A:$A=$A13)*(EXP!$B:$B=$B13)*(EXP!$C:$C=$C13),0),MATCH(I$5,EXP!$D$1:$AA$1,0))} -> 158 | J13: {=INDEX(EXP!$D:$AA,MATCH(1,(EXP!$A:$A=$A13)*(EXP!$B:$B=$B13)*(EXP!$C:$C=$C13),0),MATCH(J$5,EXP!$D$1:$AA$1,0))} -> 159.9 | K13: {=INDEX(EXP!$D:$AA,MATCH(1,(EXP!$A:$A=$A13)*(EXP!$B:$B=$B13)*(EXP!$C:$C=$C13),0),MATCH(K$5,EXP!$D$1:$AA$1,0))} -> 170.8 | ... P13: {=INDEX(EXP!$D:$AA,MATCH(1,(EXP!$A:$A=$A13)*(EXP!$B:$B=$B13)*(EXP!$C:$C=$C13),0),MATCH(P$5,EXP!$D$1:$AA$1,0))} -> 175.9 | Q13: =SUM(D13:P13) -> 2283.4 | R13: =(Q13-Q12)/Q12 -> -0.0058342041
A14: Rural+Urban | B14: 2023 | C14: January | D14: {=INDEX(EXP!$D:$AA,MATCH(1,(EXP!$A:$A=$A14)*(EXP!$B:$B=$B14)*(EXP!$C:$C=$C14),0),MATCH(D$5,EXP!$D$1:$AA$1,0))} -> 173.8 | E14: {=INDEX(EXP!$D:$AA,MATCH(1,(EXP!$A:$A=$A14)*(EXP!$B:$B=$B14)*(EXP!$C:$C=$C14),0),MATCH(E$5,EXP!$D$1:$AA$1,0))} -> 210.7 | F14: {=INDEX(EXP!$D:$AA,MATCH(1,(EXP!$A:$A=$A14)*(EXP!$B:$B=$B14)*(EXP!$C:$C=$C14),0),MATCH(F$5,EXP!$D$1:$AA$1,0))} -> 194.5 | G14: {=INDEX(EXP!$D:$AA,MATCH(1,(EXP!$A:$A=$A14)*(EXP!$B:$B=$B14)*(EXP!$C:$C=$C14),0),MATCH(G$5,EXP!$D$1:$AA$1,0))} -> 174.6 | H14: {=INDEX(EXP!$D:$AA,MATCH(1,(EXP!$A:$A=$A14)*(EXP!$B:$B=$B14)*(EXP!$C:$C=$C14),0),MATCH(H$5,EXP!$D$1:$AA$1,0))} -> 187.2 | I14: {=INDEX(EXP!$D:$AA,MATCH(1,(EXP!$A:$A=$A14)*(EXP!$B:$B=$B14)*(EXP!$C:$C=$C14),0),MATCH(I$5,EXP!$D$1:$AA$1,0))} -> 158.3 | J14: {=INDEX(EXP!$D:$AA,MATCH(1,(EXP!$A:$A=$A14)*(EXP!$B:$B=$B14)*(EXP!$C:$C=$C14),0),MATCH(J$5,EXP!$D$1:$AA$1,0))} -> 153.9 | K14: {=INDEX(EXP!$D:$AA,MATCH(1,(EXP!$A:$A=$A14)*(EXP!$B:$B=$B14)*(EXP!$C:$C=$C14),0),MATCH(K$5,EXP!$D$1:$AA$1,0))} -> 170.9 | ... P14: {=INDEX(EXP!$D:$AA,MATCH(1,(EXP!$A:$A=$A14)*(EXP!$B:$B=$B14)*(EXP!$C:$C=$C14),0),MATCH(P$5,EXP!$D$1:$AA$1,0))} -> 176.7 | Q14: =SUM(D14:P14) -> 2292.7 | R14: =(Q14-Q13)/Q13 -> 0.0040728738
A15: Rural+Urban | B15: 2023 | C15: February | D15: {=INDEX(EXP!$D:$AA,MATCH(1,(EXP!$A:$A=$A15)*(EXP!$B:$B=$B15)*(EXP!$C:$C=$C15),0),MATCH(D$5,EXP!$D$1:$AA$1,0))} -> 174.4 | E15: {=INDEX(EXP!$D:$AA,MATCH(1,(EXP!$A:$A=$A15)*(EXP!$B:$B=$B15)*(EXP!$C:$C=$C15),0),MATCH(E$5,EXP!$D$1:$AA$1,0))} -> 207.7 | F15: {=INDEX(EXP!$D:$AA,MATCH(1,(EXP!$A:$A=$A15)*(EXP!$B:$B=$B15)*(EXP!$C:$C=$C15),0),MATCH(F$5,EXP!$D$1:$AA$1,0))} -> 175.2 | G15: {=INDEX(EXP!$D:$AA,MATCH(1,(EXP!$A:$A=$A15)*(EXP!$B:$B=$B15)*(EXP!$C:$C=$C15),0),MATCH(G$5,EXP!$D$1:$AA$1,0))} -> 177.3 | H15: {=INDEX(EXP!$D:$AA,MATCH(1,(EXP!$A:$A=$A15)*(EXP!$B:$B=$B15)*(EXP!$C:$C=$C15),0),MATCH(H$5,EXP!$D$1:$AA$1,0))} -> 179.3 | I15: {=INDEX(EXP!$D:$AA,MATCH(1,(EXP!$A:$A=$A15)*(EXP!$B:$B=$B15)*(EXP!$C:$C=$C15),0),MATCH(I$5,EXP!$D$1:$AA$1,0))} -> 169.5 | J15: {=INDEX(EXP!$D:$AA,MATCH(1,(EXP!$A:$A=$A15)*(EXP!$B:$B=$B15)*(EXP!$C:$C=$C15),0),MATCH(J$5,EXP!$D$1:$AA$1,0))} -> 152.7 | K15: {=INDEX(EXP!$D:$AA,MATCH(1,(EXP!$A:$A=$A15)*(EXP!$B:$B=$B15)*(EXP!$C:$C=$C15),0),MATCH(K$5,EXP!$D$1:$AA$1,0))} -> 171 | ... P15: {=INDEX(EXP!$D:$AA,MATCH(1,(EXP!$A:$A=$A15)*(EXP!$B:$B=$B15)*(EXP!$C:$C=$C15),0),MATCH(P$5,EXP!$D$1:$AA$1,0))} -> 177 | Q15: =SUM(D15:P15) -> 2279.1 | R15: =(Q15-Q14)/Q14 -> -0.0059318707
A16: Rural+Urban | B16: 2023 | C16: March | D16: {=INDEX(EXP!$D:$AA,MATCH(1,(EXP!$A:$A=$A16)*(EXP!$B:$B=$B16)*(EXP!$C:$C=$C16),0),MATCH(D$5,EXP!$D$1:$AA$1,0))} -> 174.4 | E16: {=INDEX(EXP!$D:$AA,MATCH(1,(EXP!$A:$A=$A16)*(EXP!$B:$B=$B16)*(EXP!$C:$C=$C16),0),MATCH(E$5,EXP!$D$1:$AA$1,0))} -> 207.7 | F16: {=INDEX(EXP!$D:$AA,MATCH(1,(EXP!$A:$A=$A16)*(EXP!$B:$B=$B16)*(EXP!$C:$C=$C16),0),MATCH(F$5,EXP!$D$1:$AA$1,0))} -> 175.2 | G16: {=INDEX(EXP!$D:$AA,MATCH(1,(EXP!$A:$A=$A16)*(EXP!$B:$B=$B16)*(EXP!$C:$C=$C16),0),MATCH(G$5,EXP!$D$1:$AA$1,0))} -> 177.3 | H16: {=INDEX(EXP!$D:$AA,MATCH(1,(EXP!$A:$A=$A16)*(EXP!$B:$B=$B16)*(EXP!$C:$C=$C16),0),MATCH(H$5,EXP!$D$1:$AA$1,0))} -> 179.2 | I16: {=INDEX(EXP!$D:$AA,MATCH(1,(EXP!$A:$A=$A16)*(EXP!$B:$B=$B16)*(EXP!$C:$C=$C16),0),MATCH(I$5,EXP!$D$1:$AA$1,0))} -> 169.5 | J16: {=INDEX(EXP!$D:$AA,MATCH(1,(EXP!$A:$A=$A16)*(EXP!$B:$B=$B16)*(EXP!$C:$C=$C16),0),MATCH(J$5,EXP!$D$1:$AA$1,0))} -> 152.8 | K16: {=INDEX(EXP!$D:$AA,MATCH(1,(EXP!$A:$A=$A16)*(EXP!$B:$B=$B16)*(EXP!$C:$C=$C16),0),MATCH(K$5,EXP!$D$1:$AA$1,0))} -> 171.1 | ... P16: {=INDEX(EXP!$D:$AA,MATCH(1,(EXP!$A:$A=$A16)*(EXP!$B:$B=$B16)*(EXP!$C:$C=$C16),0),MATCH(P$5,EXP!$D$1:$AA$1,0))} -> 177 | Q16: =SUM(D16:P16) -> 2279.2 | R16: =(Q16-Q15)/Q15 -> 4.3876969e-05
A17: Rural+Urban | B17: 2023 | C17: April | D17: {=INDEX(EXP!$D:$AA,MATCH(1,(EXP!$A:$A=$A17)*(EXP!$B:$B=$B17)*(EXP!$C:$C=$C17),0),MATCH(D$5,EXP!$D$1:$AA$1,0))} -> 173.8 | E17: {=INDEX(EXP!$D:$AA,MATCH(1,(EXP!$A:$A=$A17)*(EXP!$B:$B=$B17)*(EXP!$C:$C=$C17),0),MATCH(E$5,EXP!$D$1:$AA$1,0))} -> 209.3 | F17: {=INDEX(EXP!$D:$AA,MATCH(1,(EXP!$A:$A=$A17)*(EXP!$B:$B=$B17)*(EXP!$C:$C=$C17),0),MATCH(F$5,EXP!$D$1:$AA$1,0))} -> 169.6 | G17: {=INDEX(EXP!$D:$AA,MATCH(1,(EXP!$A:$A=$A17)*(EXP!$B:$B=$B17)*(EXP!$C:$C=$C17),0),MATCH(G$5,EXP!$D$1:$AA$1,0))} -> 178.4 | H17: {=INDEX(EXP!$D:$AA,MATCH(1,(EXP!$A:$A=$A17)*(EXP!$B:$B=$B17)*(EXP!$C:$C=$C17),0),MATCH(H$5,EXP!$D$1:$AA$1,0))} -> 174.9 | I17: {=INDEX(EXP!$D:$AA,MATCH(1,(EXP!$A:$A=$A17)*(EXP!$B:$B=$B17)*(EXP!$C:$C=$C17),0),MATCH(I$5,EXP!$D$1:$AA$1,0))} -> 176.3 | J17: {=INDEX(EXP!$D:$AA,MATCH(1,(EXP!$A:$A=$A17)*(EXP!$B:$B=$B17)*(EXP!$C:$C=$C17),0),MATCH(J$5,EXP!$D$1:$AA$1,0))} -> 155.4 | K17: {=INDEX(EXP!$D:$AA,MATCH(1,(EXP!$A:$A=$A17)*(EXP!$B:$B=$B17)*(EXP!$C:$C=$C17),0),MATCH(K$5,EXP!$D$1:$AA$1,0))} -> 173.4 | ... P17: {=INDEX(EXP!$D:$AA,MATCH(1,(EXP!$A:$A=$A17)*(EXP!$B:$B=$B17)*(EXP!$C:$C=$C17),0),MATCH(P$5,EXP!$D$1:$AA$1,0))} -> 177.9 | Q17: =SUM(D17:P17) -> 2289.6 | R17: =(Q17-Q16)/Q16 -> 0.0045630046
A18: Rural+Urban | B18: 2023 | C18: May | D18: {=INDEX(EXP!$D:$AA,MATCH(1,(EXP!$A:$A=$A18)*(EXP!$B:$B=$B18)*(EXP!$C:$C=$C18),0),MATCH(D$5,EXP!$D$1:$AA$1,0))} -> 173.7 | E18: {=INDEX(EXP!$D:$AA,MATCH(1,(EXP!$A:$A=$A18)*(EXP!$B:$B=$B18)*(EXP!$C:$C=$C18),0),MATCH(E$5,EXP!$D$1:$AA$1,0))} -> 214.3 | F18: {=INDEX(EXP!$D:$AA,MATCH(1,(EXP!$A:$A=$A18)*(EXP!$B:$B=$B18)*(EXP!$C:$C=$C18),0),MATCH(F$5,EXP!$D$1:$AA$1,0))} -> 173.2 | G18: {=INDEX(EXP!$D:$AA,MATCH(1,(EXP!$A:$A=$A18)*(EXP!$B:$B=$B18)*(EXP!$C:$C=$C18),0),MATCH(G$5,EXP!$D$1:$AA$1,0))} -> 179.5 | H18: {=INDEX(EXP!$D:$AA,MATCH(1,(EXP!$A:$A=$A18)*(EXP!$B:$B=$B18)*(EXP!$C:$C=$C18),0),MATCH(H$5,EXP!$D$1:$AA$1,0))} -> 170 | I18: {=INDEX(EXP!$D:$AA,MATCH(1,(EXP!$A:$A=$A18)*(EXP!$B:$B=$B18)*(EXP!$C:$C=$C18),0),MATCH(I$5,EXP!$D$1:$AA$1,0))} -> 172.2 | J18: {=INDEX(EXP!$D:$AA,MATCH(1,(EXP!$A:$A=$A18)*(EXP!$B:$B=$B18)*(EXP!$C:$C=$C18),0),MATCH(J$5,EXP!$D$1:$AA$1,0))} -> 161 | K18: {=INDEX(EXP!$D:$AA,MATCH(1,(EXP!$A:$A=$A18)*(EXP!$B:$B=$B18)*(EXP!$C:$C=$C18),0),MATCH(K$5,EXP!$D$1:$AA$1,0))} -> 175.6 | ... P18: {=INDEX(EXP!$D:$AA,MATCH(1,(EXP!$A:$A=$A18)*(EXP!$B:$B=$B18)*(EXP!$C:$C=$C18),0),MATCH(P$5,EXP!$D$1:$AA$1,0))} -> 179.1 | Q18: =SUM(D18:P18) -> 2306.9 | R18: =(Q18-Q17)/Q17 -> 0.007555905
A20: Row Labels | B20: Sum of Inflation Rate
A21: 2022 | B21: 0.019792083
A22: May
A23: June | B23: 0.010272902
A24: July | B24: 0.0019452673
A25: August | B25: 0.0012796188
A26: September | B26: 0.0051560021
A27: October | B27: 0.0071901442
A28: November | B28: -0.0002176468
A29: December | B29: -0.0058342041
A30: 2023 | B30: 0.01030379
A31: January | B31: 0.0040728738
A32: February | B32: -0.0059318707
A33: March | B33: 4.3876969e-05
A34: April | B34: 0.0045630046
A35: May | B35: 0.007555905
A36: Grand Total | B36: 0.030095873
A38: Recommendation : June 2022 recorded the highest month-on-month inflation rate at 1.03%, while February 2023 showed a decline of -0.59%. Monitoring monthly inflation trends helps identify short-term price fluctuations and periods of increasing or decreasing price pressure.

Sheet Q3 II
A1: Food Category-wise Inflation Change Analysis (May 2022 vs May 2023)
A6: Food and beverages | B6: 44682 | C6: 45047 | D6: % of inflation changes | E6: Recommendation : Spices recorded the highest inflation increase at 18%, followed by Cereals and products at 13%, while Oils and fats showed the largest decline at -16%. Monitoring individual food categories helps identify specific drivers behind food inflation changes.
A7: Cereals and products | B7: {=INDEX(EXP!$D:$AA,MATCH(1,(EXP!$A:$A="Rural+Urban")*(EXP!$B:$B=YEAR(B$6))*(EXP!$C:$C=TEXT(B$6,"mmmm")),0),MATCH($A7,EXP!$D$1:$AA$1,0))} -> 154.1 | C7: {=INDEX(EXP!$D:$AA,MATCH(1,(EXP!$A:$A="Rural+Urban")*(EXP!$B:$B=YEAR(C$6))*(EXP!$C:$C=TEXT(C$6,"mmmm")),0),MATCH($A7,EXP!$D$1:$AA$1,0))} -> 173.7 | D7: =(C7-B7)/B7 -> 0.12719014
A8: Meat and fish | B8: {=INDEX(EXP!$D:$AA,MATCH(1,(EXP!$A:$A="Rural+Urban")*(EXP!$B:$B=YEAR(B$6))*(EXP!$C:$C=TEXT(B$6,"mmmm")),0),MATCH($A8,EXP!$D$1:$AA$1,0))} -> 217 | C8: {=INDEX(EXP!$D:$AA,MATCH(1,(EXP!$A:$A="Rural+Urban")*(EXP!$B:$B=YEAR(C$6))*(EXP!$C:$C=TEXT(C$6,"mmmm")),0),MATCH($A8,EXP!$D$1:$AA$1,0))} -> 214.3 | D8: =(C8-B8)/B8 -> -0.012442396
A9: Egg | B9: {=INDEX(EXP!$D:$AA,MATCH(1,(EXP!$A:$A="Rural+Urban")*(EXP!$B:$B=YEAR(B$6))*(EXP!$C:$C=TEXT(B$6,"mmmm")),0),MATCH($A9,EXP!$D$1:$AA$1,0))} -> 162.4 | C9: {=INDEX(EXP!$D:$AA,MATCH(1,(EXP!$A:$A="Rural+Urban")*(EXP!$B:$B=YEAR(C$6))*(EXP!$C:$C=TEXT(C$6,"mmmm")),0),MATCH($A9,EXP!$D$1:$AA$1,0))} -> 173.2 | D9: =(C9-B9)/B9 -> 0.066502463
A10: Milk and products | B10: {=INDEX(EXP!$D:$AA,MATCH(1,(EXP!$A:$A="Rural+Urban")*(EXP!$B:$B=YEAR(B$6))*(EXP!$C:$C=TEXT(B$6,"mmmm")),0),MATCH($A10,EXP!$D$1:$AA$1,0))} -> 164.9 | C10: {=INDEX(EXP!$D:$AA,MATCH(1,(EXP!$A:$A="Rural+Urban")*(EXP!$B:$B=YEAR(C$6))*(EXP!$C:$C=TEXT(C$6,"mmmm")),0),MATCH($A10,EXP!$D$1:$AA$1,0))} -> 179.5 | D10: =(C10-B10)/B10 -> 0.088538508
A11: Oils and fats | B11: {=INDEX(EXP!$D:$AA,MATCH(1,(EXP!$A:$A="Rural+Urban")*(EXP!$B:$B=YEAR(B$6))*(EXP!$C:$C=TEXT(B$6,"mmmm")),0),MATCH($A11,EXP!$D$1:$AA$1,0))} -> 202.4 | C11: {=INDEX(EXP!$D:$AA,MATCH(1,(EXP!$A:$A="Rural+Urban")*(EXP!$B:$B=YEAR(C$6))*(EXP!$C:$C=TEXT(C$6,"mmmm")),0),MATCH($A11,EXP!$D$1:$AA$1,0))} -> 170 | D11: =(C11-B11)/B11 -> -0.16007905
A12: Fruits | B12: {=INDEX(EXP!$D:$AA,MATCH(1,(EXP!$A:$A="Rural+Urban")*(EXP!$B:$B=YEAR(B$6))*(EXP!$C:$C=TEXT(B$6,"mmmm")),0),MATCH($A12,EXP!$D$1:$AA$1,0))} -> 171 | C12: {=INDEX(EXP!$D:$AA,MATCH(1,(EXP!$A:$A="Rural+Urban")*(EXP!$B:$B=YEAR(C$6))*(EXP!$C:$C=TEXT(C$6,"mmmm")),0),MATCH($A12,EXP!$D$1:$AA$1,0))} -> 172.2 | D12: =(C12-B12)/B12 -> 0.0070175439
A13: Vegetables | B13: {=INDEX(EXP!$D:$AA,MATCH(1,(EXP!$A:$A="Rural+Urban")*(EXP!$B:$B=YEAR(B$6))*(EXP!$C:$C=TEXT(B$6,"mmmm")),0),MATCH($A13,EXP!$D$1:$AA$1,0))} -> 174.9 | C13: {=INDEX(EXP!$D:$AA,MATCH(1,(EXP!$A:$A="Rural+Urban")*(EXP!$B:$B=YEAR(C$6))*(EXP!$C:$C=TEXT(C$6,"mmmm")),0),MATCH($A13,EXP!$D$1:$AA$1,0))} -> 161 | D13: =(C13-B13)/B13 -> -0.079473985
A14: Pulses and products | B14: {=INDEX(EXP!$D:$AA,MATCH(1,(EXP!$A:$A="Rural+Urban")*(EXP!$B:$B=YEAR(B$6))*(EXP!$C:$C=TEXT(B$6,"mmmm")),0),MATCH($A14,EXP!$D$1:$AA$1,0))} -> 164.7 | C14: {=INDEX(EXP!$D:$AA,MATCH(1,(EXP!$A:$A="Rural+Urban")*(EXP!$B:$B=YEAR(C$6))*(EXP!$C:$C=TEXT(C$6,"mmmm")),0),MATCH($A14,EXP!$D$1:$AA$1,0))} -> 175.6 | D14: =(C14-B14)/B14 -> 0.066180935
A15: Sugar and Confectionery | B15: {=INDEX(EXP!$D:$AA,MATCH(1,(EXP!$A:$A="Rural+Urban")*(EXP!$B:$B=YEAR(B$6))*(EXP!$C:$C=TEXT(B$6,"mmmm")),0),MATCH($A15,EXP!$D$1:$AA$1,0))} -> 119.7 | C15: {=INDEX(EXP!$D:$AA,MATCH(1,(EXP!$A:$A="Rural+Urban")*(EXP!$B:$B=YEAR(C$6))*(EXP!$C:$C=TEXT(C$6,"mmmm")),0),MATCH($A15,EXP!$D$1:$AA$1,0))} -> 122.7 | D15: =(C15-B15)/B15 -> 0.025062657
A16: Spices | B16: {=INDEX(EXP!$D:$AA,MATCH(1,(EXP!$A:$A="Rural+Urban")*(EXP!$B:$B=YEAR(B$6))*(EXP!$C:$C=TEXT(B$6,"mmmm")),0),MATCH($A16,EXP!$D$1:$AA$1,0))} -> 184.9 | C16: {=INDEX(EXP!$D:$AA,MATCH(1,(EXP!$A:$A="Rural+Urban")*(EXP!$B:$B=YEAR(C$6))*(EXP!$C:$C=TEXT(C$6,"mmmm")),0),MATCH($A16,EXP!$D$1:$AA$1,0))} -> 218 | D16: =(C16-B16)/B16 -> 0.17901568
A17: Non-alcoholic beverages | B17: {=INDEX(EXP!$D:$AA,MATCH(1,(EXP!$A:$A="Rural+Urban")*(EXP!$B:$B=YEAR(B$6))*(EXP!$C:$C=TEXT(B$6,"mmmm")),0),MATCH($A17,EXP!$D$1:$AA$1,0))} -> 167.1 | C17: {=INDEX(EXP!$D:$AA,MATCH(1,(EXP!$A:$A="Rural+Urban")*(EXP!$B:$B=YEAR(C$6))*(EXP!$C:$C=TEXT(C$6,"mmmm")),0),MATCH($A17,EXP!$D$1:$AA$1,0))} -> 173.4 | D17: =(C17-B17)/B17 -> 0.037701975
A18: Prepared meals, snacks, sweets etc. | B18: {=INDEX(EXP!$D:$AA,MATCH(1,(EXP!$A:$A="Rural+Urban")*(EXP!$B:$B=YEAR(B$6))*(EXP!$C:$C=TEXT(B$6,"mmmm")),0),MATCH($A18,EXP!$D$1:$AA$1,0))} -> 182.5 | C18: {=INDEX(EXP!$D:$AA,MATCH(1,(EXP!$A:$A="Rural+Urban")*(EXP!$B:$B=YEAR(C$6))*(EXP!$C:$C=TEXT(C$6,"mmmm")),0),MATCH($A18,EXP!$D$1:$AA$1,0))} -> 194.2 | D18: =(C18-B18)/B18 -> 0.064109589
A20: Row Labels | B20: Sum of % of inflation changes
A21: Cereals and products | B21: 0.12719014
A22: Egg | B22: 0.066502463
A23: Fruits | B23: 0.0070175439
A24: Meat and fish | B24: -0.012442396
A25: Milk and products | B25: 0.088538508
A26: Non-alcoholic beverages | B26: 0.037701975
A27: Oils and fats | B27: -0.16007905
A28: Prepared meals, snacks, sweets etc. | B28: 0.064109589
A29: Pulses and products | B29: 0.066180935
A30: Spices | B30: 0.17901568
A31: Sugar and Confectionery | B31: 0.025062657
A32: Vegetables | B32: -0.079473985
A33: Grand Total | B33: 0.40932406

Sheet Q4
A3: Food and Beverages Inflation Trend During COVID Period
A7: Sector | B7: Year | C7: Month | D7: Food and beverages | E7: YOY % Rate Changes | G7: Row Labels | H7: Sum of YOY % Rate Changes
A8: Rural+Urban | B8: 2017 | C8: March | D8: 133.1 | G8: 2017
A9: Rural+Urban | B9: 2018 | C9: March | D9: 137.2 | E9: =(D9-D8)/D8 -> 0.030803907 | G9: 2018 | H9: 0.030803907
A10: Rural+Urban | B10: 2019 | C10: March | D10: 138.1 | E10: =(D10-D9)/D9 -> 0.0065597668 | G10: 2019 | H10: 0.0065597668
A11: Rural+Urban | B11: 2020 | C11: March | D11: 148.9 | E11: =(D11-D10)/D10 -> 0.0782042 | G11: 2020 | H11: 0.0782042
A12: Rural+Urban | B12: 2021 | C12: March | D12: 156.7 | E12: =(D12-D11)/D11 -> 0.05238415 | G12: 2021 | H12: 0.05238415
A13: Rural+Urban | B13: 2022 | C13: March | D13: 168.4 | E13: =(D13-D12)/D12 -> 0.074664965 | G13: 2022 | H13: 0.074664965
A14: Rural+Urban | B14: 2023 | C14: March | D14: 177 | E14: =(D14-D13)/D13 -> 0.051068884 | G14: 2023 | H14: 0.051068884
G15: Grand Total | H15: 0.29368587
A16: Healthcare Inflation Trend During COVID Period
A20: Sector | B20: Year | C20: Month | D20: Health | E20: YOY % Rate Changes | G20: Row Labels | H20: Sum of YOY % Rate Changes
A21: Rural+Urban | B21: 2017 | C21: March | D21: 127.8 | G21: 2017
A22: Rural+Urban | B22: 2018 | C22: March | D22: 134.3 | E22: =(D22-D21)/D21 -> 0.05086072 | G22: 2018 | H22: 0.05086072
A23: Rural+Urban | B23: 2019 | C23: March | D23: 146.2 | E23: =(D23-D22)/D22 -> 0.088607595 | G23: 2019 | H23: 0.088607595
A24: Rural+Urban | B24: 2020 | C24: March | D24: 152.3 | E24: =(D24-D23)/D23 -> 0.041723666 | G24: 2020 | H24: 0.041723666
A25: Rural+Urban | B25: 2021 | C25: March | D25: 161.7 | E25: =(D25-D24)/D24 -> 0.061720289 | G25: 2021 | H25: 0.061720289
A26: Rural+Urban | B26: 2022 | C26: March | D26: 173 | E26: =(D26-D25)/D25 -> 0.069882498 | G26: 2022 | H26: 0.069882498
A27: Rural+Urban | B27: 2023 | C27: March | D27: 184.4 | E27: =(D27-D26)/D26 -> 0.065895954 | G27: 2023 | H27: 0.065895954
G28: Grand Total | H28: 0.37869072
A29: Essential Services Inflation Trend During COVID Period
A33: Sector | B33: Year | C33: Month | D33: Essential Services | E33: YOY % Rate Changes | G33: Row Labels | H33: Sum of YOY % Rate Changes
A34: Rural+Urban | B34: 2017 | C34: March | D34: 126.8 | G34: 2017
A35: Rural+Urban | B35: 2018 | C35: March | D35: 132.975 | E35: =(D35-D34)/D34 -> 0.048698738 | G35: 2018 | H35: 0.048698738
A36: Rural+Urban | B36: 2019 | C36: March | D36: 139.525 | E36: =(D36-D35)/D35 -> 0.049257379 | G36: 2019 | H36: 0.049257379
A37: Rural+Urban | B37: 2020 | C37: March | D37: 146.0625 | E37: =(D37-D36)/D36 -> 0.046855402 | G37: 2020 | H37: 0.046855402
A38: Rural+Urban | B38: 2021 | C38: March | D38: 154.15 | E38: =(D38-D37)/D37 -> 0.055370133 | G38: 2021 | H38: 0.055370133
A39: Rural+Urban | B39: 2022 | C39: March | D39: 164.2875 | E39: =(D39-D38)/D38 -> 0.065763866 | G39: 2022 | H39: 0.065763866
A40: Rural+Urban | B40: 2023 | C40: March | D40: 174.275 | E40: =(D40-D39)/D39 -> 0.060792817 | G40: 2023 | H40: 0.060792817
G41: Grand Total | H41: 0.32673834
A48: Recommendation : COVID-19 onset period showed noticeable changes in inflation trends, with Food & Beverages reaching 7.82% inflation in 2020 and Essential Services increasing gradually after the pandemic. Monitoring essential categories helps understand the impact of major economic disruptions on inflation.

Sheet Q5 
A1: Imported Oil Price Fluctuation Analysis and Correlation with CPI Categories
A4: Year | B4: Month | C4: Crude Oil Price (US$/bbl) | D4: MOM % | G4: Year | H4: Month | I4: Cereals and products | J4: MOM % | K4: Meat and fish | L4: MOM % | M4: Egg | N4: MOM % | O4: Milk and products | P4: MOM % | Q4: Oils and fats | R4: MOM % | S4: Fruits | T4: MOM % | U4: Vegetables | V4: MOM% | W4: Pulses and products | X4: MOM% | Y4: Sugar and Confectionery | Z4: MOM% | AA4: Spices | AB4: MOM% | AC4: Non-alcoholic beverages | AD4: MOM% | AE4: Prepared meals, snacks, sweets etc. | AF4: MOM% | AG4: Pan, tobacco and intoxicants | AH4: MOM% | AI4: Clothing | AJ4: MOM% | AK4: Footwear | AL4: MOM% | AM4: Housing | AN4: MOM% | AO4: Fuel and light | AP4: MOM% | AQ4: Household goods and services | AR4: MOM % | AS4: Health | AT4: MOM% | AU4: Transport and communication | AV4: MOM% | AW4: Recreation and amusement | AX4: MOM% | AY4: Education | AZ4: MOM% | BA4: Personal care and effects | BB4: MOM% | BC4: Miscellaneous | BD4: MOM%
A5: 2021 | B5: January | C5: 54.79 | G5: 2021 | H5: January | I5: 144.9 | K5: 190.1 | M5: 175.3 | O5: 154.1 | Q5: 150.9 | S5: 149.6 | U5: 194.2 | W5: 160.4 | Y5: 114.6 | AA5: 164 | AC5: 151.8 | AE5: 165.6 | AG5: 186.5 | AI5: 155.5 | AK5: 146.1 | AM5: 157.7 | AO5: 147.9 | AQ5: 150 | AS5: 159.3 | AU5: 141.9 | AW5: 149.6 | AY5: 159.2 | BA5: 156.8 | BC5: 151.9
A6: 2021 | B6: February | C6: 61.22 | D6: =(C6-C5)/C5 -> 0.11735718 | G6: 2021 | H6: February | I6: 144.3 | J6: =(I6-I5)/I5 -> -0.0041407867 | K6: 186.5 | L6: =(K6-K5)/K5 -> -0.018937401 | M6: 168.7 | N6: =(M6-M5)/M5 -> -0.037649743 | O6: 154.7 | P6: =(O6-O5)/O5 -> 0.0038935756 | Q6: 158.7 | R6: =(Q6-Q5)/Q5 -> 0.051689861 | S6: 150.7 | T6: =(S6-S5)/S5 -> 0.0073529412 | U6: 160 | V6: =(U6-U5)/U5 -> -0.17610711 | W6: 158.8 | X6: =(W6-W5)/W5 -> -0.0099750623 | Y6: 112.8 | Z6: =(Y6-Y5)/Y6 -> -0.015957447 | AA6: 164.2 | AB6: =(AA6-AA5)/AA5 -> 0.0012195122 | AC6: 155.5 | AD6: =(AC6-AC5)/AC5 -> 0.024374177 | AE6: 167.5 | AF6: =(AE6-AE5)/AE5 -> 0.01147343 | AG6: 188.3 | AH6: =(AG6-AG5)/AG5 -> 0.0096514745 | AI6: 157.2 | AJ6: =(AI6-AI5)/AI5 -> 0.010932476 | AK6: 147.4 | AL6: =(AK6-AK5)/AK5 -> 0.0088980151 | AM6: 159.8 | AN6: =(AM6-AM5)/AM5 -> 0.013316424 | AO6: 152.4 | AP6: =(AO6-AO5)/AO5 -> 0.030425963 | AQ6: 150.9 | AR6: =(AQ6-AQ5)/AQ5 -> 0.006 | AS6: 161.3 | AT6: =(AS6-AS5)/AS5 -> 0.012554928 | AU6: 145.1 | AV6: =(AU6-AU5)/AU5 -> 0.022551092 | AW6: 151.5 | AX6: =(AW6-AW5)/AW5 -> 0.012700535 | AY6: 159.5 | AZ6: =(AY6-AY5)/AY5 -> 0.0018844221 | BA6: 155.8 | BB6: =(BA6-BA5)/BA5 -> -0.006377551 | BC6: 153.4 | BD6: =(BC6-BC5)/BC5 -> 0.0098749177
A7: 2021 | B7: March | C7: 64.73 | D7: =(C7-C6)/C6 -> 0.057334205 | G7: 2021 | H7: March | I7: 144.1 | J7: =(I7-I6)/I6 -> -0.0013860014 | K7: 192.2 | L7: =(K7-K6)/K6 -> 0.030563003 | M7: 163.8 | N7: =(M7-M6)/M6 -> -0.029045643 | O7: 154.9 | P7: =(O7-O6)/O6 -> 0.0012928248 | Q7: 163.9 | R7: =(Q7-Q6)/Q6 -> 0.032766226 | S7: 153.7 | T7: =(S7-S6)/S6 -> 0.0199071 | U7: 149.5 | V7: =(U7-U6)/U6 -> -0.065625 | W7: 159.8 | X7: =(W7-W6)/W6 -> 0.0062972292 | Y7: 112.6 | Z7: =(Y7-Y6)/Y7 -> -0.0017761989 | AA7: 163.5 | AB7: =(AA7-AA6)/AA6 -> -0.0042630938 | AC7: 156.5 | AD7: =(AC7-AC6)/AC6 -> 0.0064308682 | AE7: 168.2 | AF7: =(AE7-AE6)/AE6 -> 0.0041791045 | AG7: 188.1 | AH7: =(AG7-AG6)/AG6 -> -0.0010621349 | AI7: 157.8 | AJ7: =(AI7-AI6)/AI6 -> 0.0038167939 | AK7: 147.9 | AL7: =(AK7-AK6)/AK6 -> 0.0033921303 | AM7: 159.9 | AN7: =(AM7-AM6)/AM6 -> 0.00062578223 | AO7: 155.5 | AP7: =(AO7-AO6)/AO6 -> 0.020341207 | AQ7: 151.2 | AR7: =(AQ7-AQ6)/AQ6 -> 0.0019880716 | AS7: 161.7 | AT7: =(AS7-AS6)/AS6 -> 0.0024798512 | AU7: 146.2 | AV7: =(AU7-AU6)/AU6 -> 0.0075809786 | AW7: 152.6 | AX7: =(AW7-AW6)/AW6 -> 0.0072607261 | AY7: 160.2 | AZ7: =(AY7-AY6)/AY6 -> 0.0043887147 | BA7: 153.8 | BB7: =(BA7-BA6)/BA6 -> -0.01283697 | BC7: 153.8 | BD7: =(BC7-BC6)/BC6 -> 0.0026075619
A8: 2021 | B8: April | C8: 63.4 | D8: =(C8-C7)/C7 -> -0.020546887 | G8: 2021 | H8: April | I8: 144.3 | J8: =(I8-I7)/I7 -> 0.0013879251 | K8: 198 | L8: =(K8-K7)/K7 -> 0.030176899 | M8: 164.6 | N8: =(M8-M7)/M7 -> 0.0048840049 | O8: 155.4 | P8: =(O8-O7)/O7 -> 0.003227889 | Q8: 170.1 | R8: =(Q8-Q7)/Q7 -> 0.037827944 | S8: 164.4 | T8: =(S8-S7)/S7 -> 0.069616135 | U8: 144.1 | V8: =(U8-U7)/U7 -> -0.036120401 | W8: 161.7 | X8: =(W8-W7)/W7 -> 0.011889862 | Y8: 113.1 | Z8: =(Y8-Y7)/Y8 -> 0.0044208665 | AA8: 163.9 | AB8: =(AA8-AA7)/AA7 -> 0.0024464832 | AC8: 157.6 | AD8: =(AC8-AC7)/AC7 -> 0.007028754 | AE8: 168.9 | AF8: =(AE8-AE7)/AE7 -> 0.0041617122 | AG8: 188.8 | AH8: =(AG8-AG7)/AG7 -> 0.0037214248 | AI8: 158.8 | AJ8: =(AI8-AI7)/AI7 -> 0.0063371356 | AK8: 148.5 | AL8: =(AK8-AK7)/AK7 -> 0.0040567951 | AM8: 161.4 | AN8: =(AM8-AM7)/AM7 -> 0.009380863 | AO8: 155.6 | AP8: =(AO8-AO7)/AO7 -> 0.00064308682 | AQ8: 151.8 | AR8: =(AQ8-AQ7)/AQ7 -> 0.003968254 | AS8: 162.3 | AT8: =(AS8-AS7)/AS7 -> 0.0037105751 | AU8: 146.6 | AV8: =(AU8-AU7)/AU7 -> 0.0027359781 | AW8: 153.2 | AX8: =(AW8-AW7)/AW7 -> 0.003931848 | AY8: 160.3 | AZ8: =(AY8-AY7)/AY7 -> 0.00062421973 | BA8: 155.4 | BB8: =(BA8-BA7)/BA7 -> 0.010403121 | BC8: 154.4 | BD8: =(BC8-BC7)/BC7 -> 0.0039011704
A9: 2021 | B9: May | C9: 66.95 | D9: =(C9-C8)/C8 -> 0.055993691 | G9: 2021 | H9: May | I9: 146.3 | J9: =(I9-I8)/I8 -> 0.013860014 | K9: 200.5 | L9: =(K9-K8)/K8 -> 0.012626263 | M9: 170.3 | N9: =(M9-M8)/M8 -> 0.034629405 | O9: 156.1 | P9: =(O9-O8)/O8 -> 0.0045045045 | Q9: 178.7 | R9: =(Q9-Q8)/Q8 -> 0.050558495 | S9: 167.1 | T9: =(S9-S8)/S8 -> 0.016423358 | U9: 147.9 | V9: =(U9-U8)/U8 -> 0.026370576 | W9: 165.4 | X9: =(W9-W8)/W8 -> 0.02288188 | Y9: 114.8 | Z9: =(Y9-Y8)/Y9 -> 0.014808362 | AA9: 168.2 | AB9: =(AA9-AA8)/AA8 -> 0.026235509 | AC9: 159.3 | AD9: =(AC9-AC8)/AC8 -> 0.010786802 | AE9: 170.4 | AF9: =(AE9-AE8)/AE8 -> 0.0088809947 | AG9: 191.9 | AH9: =(AG9-AG8)/AG8 -> 0.016419492 | AI9: 161.8 | AJ9: =(AI9-AI8)/AI8 -> 0.018891688 | AK9: 152.1 | AL9: =(AK9-AK8)/AK8 -> 0.024242424 | AM9: 161.6 | AN9: =(AM9-AM8)/AM8 -> 0.0012391574 | AO9: 159.4 | AP9: =(AO9-AO8)/AO8 -> 0.024421594 | AQ9: 154.7 | AR9: =(AQ9-AQ8)/AQ8 -> 0.019104084 | AS9: 165.8 | AT9: =(AS9-AS8)/AS8 -> 0.021565003 | AU9: 148.9 | AV9: =(AU9-AU8)/AU8 -> 0.01568895 | AW9: 155.8 | AX9: =(AW9-AW8)/AW8 -> 0.016971279 | AY9: 161.2 | AZ9: =(AY9-AY8)/AY8 -> 0.0056144729 | BA9: 158.6 | BB9: =(BA9-BA8)/BA8 -> 0.020592021 | BC9: 156.8 | BD9: =(BC9-BC8)/BC8 -> 0.015544041
A10: 2021 | B10: June | C10: 71.98 | D10: =(C10-C9)/C9 -> 0.075130695 | G10: 2021 | H10: June | I10: 146.7 | J10: =(I10-I9)/I9 -> 0.002734108 | K10: 202 | L10: =(K10-K9)/K9 -> 0.0074812968 | M10: 180.7 | N10: =(M10-M9)/M9 -> 0.061068702 | O10: 156.2 | P10: =(O10-O9)/O9 -> 0.00064061499 | Q10: 183.7 | R10: =(Q10-Q9)/Q9 -> 0.027979855 | S10: 164.6 | T10: =(S10-S9)/S9 -> -0.014961101 | U10: 155.4 | V10: =(U10-U9)/U9 -> 0.050709939 | W10: 166 | X10: =(W10-W9)/W9 -> 0.0036275695 | Y10: 115.1 | Z10: =(Y10-Y9)/Y10 -> 0.0026064292 | AA10: 168.5 | AB10: =(AA10-AA9)/AA9 -> 0.001783591 | AC10: 160 | AD10: =(AC10-AC9)/AC9 -> 0.0043942247 | AE10: 172.4 | AF10: =(AE10-AE9)/AE9 -> 0.011737089 | AG10: 190.8 | AH10: =(AG10-AG9)/AG9 -> -0.0057321522 | AI10: 162.2 | AJ10: =(AI10-AI9)/AI9 -> 0.0024721879 | AK10: 151.8 | AL10: =(AK10-AK9)/AK9 -> -0.0019723866 | AM10: 160.5 | AN10: =(AM10-AM9)/AM9 -> -0.0068069307 | AO10: 159.8 | AP10: =(AO10-AO9)/AO9 -> 0.0025094103 | AQ10: 154.8 | AR10: =(AQ10-AQ9)/AQ9 -> 0.00064641241 | AS10: 166.3 | AT10: =(AS10-AS9)/AS9 -> 0.0030156815 | AU10: 150.7 | AV10: =(AU10-AU9)/AU9 -> 0.01208865 | AW10: 154.9 | AX10: =(AW10-AW9)/AW9 -> -0.0057766367 | AY10: 161.7 | AZ10: =(AY10-AY9)/AY9 -> 0.003101737 | BA10: 158.8 | BB10: =(BA10-BA9)/BA9 -> 0.001261034 | BC10: 157.6 | BD10: =(BC10-BC9)/BC9 -> 0.0051020408
A11: 2021 | B11: July | C11: 73.54 | D11: =(C11-C10)/C10 -> 0.021672687 | G11: 2021 | H11: July | I11: 146.4 | J11: =(I11-I10)/I10 -> -0.0020449898 | K11: 206.8 | L11: =(K11-K10)/K10 -> 0.023762376 | M11: 182.2 | N11: =(M11-M10)/M10 -> 0.0083010515 | O11: 157.5 | P11: =(O11-O10)/O10 -> 0.0083226633 | Q11: 182.1 | R11: =(Q11-Q10)/Q10 -> -0.008709853 | S11: 163.9 | T11: =(S11-S10)/S10 -> -0.0042527339 | U11: 164.2 | V11: =(U11-U10)/U10 -> 0.056628057 | W11: 164 | X11: =(W11-W10)/W10 -> -0.012048193 | Y11: 114.5 | Z11: =(Y11-Y10)/Y11 -> -0.0052401747 | AA11: 168.3 | AB11: =(AA11-AA10)/AA10 -> -0.0011869436 | AC11: 160.9 | AD11: =(AC11-AC10)/AC10 -> 0.005625 | AE11: 172.2 | AF11: =(AE11-AE10)/AE10 -> -0.0011600928 | AG11: 191.2 | AH11: =(AG11-AG10)/AG10 -> 0.0020964361 | AI11: 162.8 | AJ11: =(AI11-AI10)/AI10 -> 0.0036991369 | AK11: 153.1 | AL11: =(AK11-AK10)/AK10 -> 0.0085638999 | AM11: 161.5 | AN11: =(AM11-AM10)/AM10 -> 0.0062305296 | AO11: 160.7 | AP11: =(AO11-AO10)/AO10 -> 0.0056320401 | AQ11: 155.8 | AR11: =(AQ11-AQ10)/AQ10 -> 0.0064599483 | AS11: 167 | AT11: =(AS11-AS10)/AS10 -> 0.0042092604 | AU11: 153.1 | AV11: =(AU11-AU10)/AU10 -> 0.01592568 | AW11: 155.3 | AX11: =(AW11-AW10)/AW10 -> 0.0025823112 | AY11: 163.2 | AZ11: =(AY11-AY10)/AY10 -> 0.0092764378 | BA11: 160.1 | BB11: =(BA11-BA10)/BA10 -> 0.008186398 | BC11: 159 | BD11: =(BC11-BC10)/BC10 -> 0.0088832487
A12: 2021 | B12: August | C12: 69.8 | D12: =(C12-C11)/C11 -> -0.050856677 | G12: 2021 | H12: August | I12: 146.6 | J12: =(I12-I11)/I11 -> 0.0013661202 | K12: 204 | L12: =(K12-K11)/K11 -> -0.013539652 | M12: 172.8 | N12: =(M12-M11)/M11 -> -0.051591658 | O12: 158.4 | P12: =(O12-O11)/O11 -> 0.0057142857 | Q12: 188 | R12: =(Q12-Q11)/Q11 -> 0.03239978 | S12: 156.8 | T12: =(S12-S11)/S11 -> -0.043319097 | U12: 162.2 | V12: =(U12-U11)/U11 -> -0.012180268 | W12: 164.1 | X12: =(W12-W11)/W11 -> 0.0006097561 | Y12: 119.7 | Z12: =(Y12-Y11)/Y12 -> 0.043441938 | AA12: 168.8 | AB12: =(AA12-AA11)/AA11 -> 0.0029708853 | AC12: 162.7 | AD12: =(AC12-AC11)/AC11 -> 0.011187073 | AE12: 173.9 | AF12: =(AE12-AE11)/AE11 -> 0.0098722416 | AG12: 192.1 | AH12: =(AG12-AG11)/AG11 -> 0.004707113 | AI12: 164.5 | AJ12: =(AI12-AI11)/AI11 -> 0.01044226 | AK12: 155.3 | AL12: =(AK12-AK11)/AK11 -> 0.014369693 | AM12: 162.1 | AN12: =(AM12-AM11)/AM11 -> 0.0037151703 | AO12: 162.6 | AP12: =(AO12-AO11)/AO11 -> 0.011823273 | AQ12: 157.5 | AR12: =(AQ12-AQ11)/AQ11 -> 0.010911425 | AS12: 168.4 | AT12: =(AS12-AS11)/AS11 -> 0.0083832335 | AU12: 154 | AV12: =(AU12-AU11)/AU11 -> 0.0058785108 | AW12: 157.6 | AX12: =(AW12-AW11)/AW11 -> 0.014810045 | AY12: 163.8 | AZ12: =(AY12-AY11)/AY11 -> 0.0036764706 | BA12: 160 | BB12: =(BA12-BA11)/BA11 -> -0.00062460962 | BC12: 160 | BD12: =(BC12-BC11)/BC11 -> 0.0062893082
A13: 2021 | B13: September | C13: 72.91 | D13: =(C13-C12)/C12 -> 0.044555874 | G13: 2021 | H13: September | I13: 146.6 | J13: =(I13-I12)/I12 -> 0 | K13: 204 | L13: =(K13-K12)/K12 -> 0 | M13: 172.8 | N13: =(M13-M12)/M12 -> 0 | O13: 158.4 | P13: =(O13-O12)/O12 -> 0 | Q13: 188 | R13: =(Q13-Q12)/Q12 -> 0 | S13: 156.7 | T13: =(S13-S12)/S12 -> -0.0006377551 | U13: 162.3 | V13: =(U13-U12)/U12 -> 0.00061652281 | W13: 164.1 | X13: =(W13-W12)/W12 -> 0 | Y13: 119.7 | Z13: =(Y13-Y12)/Y13 -> 0 | AA13: 168.8 | AB13: =(AA13-AA12)/AA12 -> 0 | AC13: 162.7 | AD13: =(AC13-AC12)/AC12 -> 0 | AE13: 173.9 | AF13: =(AE13-AE12)/AE12 -> 0 | AG13: 192.1 | AH13: =(AG13-AG12)/AG12 -> 0 | AI13: 164.6 | AJ13: =(AI13-AI12)/AI12 -> 0.00060790274 | AK13: 155.3 | AL13: =(AK13-AK12)/AK12 -> 0 | AM13: 162.1 | AN13: =(AM13-AM12)/AM12 -> 0 | AO13: 162.6 | AP13: =(AO13-AO12)/AO12 -> 0 | AQ13: 157.5 | AR13: =(AQ13-AQ12)/AQ12 -> 0 | AS13: 168.4 | AT13: =(AS13-AS12)/AS12 -> 0 | AU13: 154 | AV13: =(AU13-AU12)/AU12 -> 0 | AW13: 157.7 | AX13: =(AW13-AW12)/AW12 -> 0.00063451777 | AY13: 163.7 | AZ13: =(AY13-AY12)/AY12 -> -0.00061050061 | BA13: 160 | BB13: =(BA13-BA12)/BA12 -> 0 | BC13: 160 | BD13: =(BC13-BC12)/BC12 -> 0
A14: 2021 | B14: October | C14: 82.11 | D14: =(C14-C13)/C13 -> 0.12618297 | G14: 2021 | H14: October | I14: 147.4 | J14: =(I14-I13)/I13 -> 0.0054570259 | K14: 204.6 | L14: =(K14-K13)/K13 -> 0.0029411765 | M14: 171.2 | N14: =(M14-M13)/M13 -> -0.0092592593 | O14: 158.7 | P14: =(O14-O13)/O13 -> 0.0018939394 | Q14: 190.6 | R14: =(Q14-Q13)/Q13 -> 0.013829787 | S14: 155.7 | T14: =(S14-S13)/S13 -> -0.0063816209 | U14: 185.3 | V14: =(U14-U13)/U13 -> 0.14171288 | W14: 165.2 | X14: =(W14-W13)/W13 -> 0.0067032297 | Y14: 121.9 | Z14: =(Y14-Y13)/Y14 -> 0.01804758 | AA14: 169.3 | AB14: =(AA14-AA13)/AA13 -> 0.0029620853 | AC14: 163.2 | AD14: =(AC14-AC13)/AC13 -> 0.0030731407 | AE14: 174.7 | AF14: =(AE14-AE13)/AE13 -> 0.004600345 | AG14: 192.7 | AH14: =(AG14-AG13)/AG13 -> 0.0031233732 | AI14: 165.7 | AJ14: =(AI14-AI13)/AI13 -> 0.0066828676 | AK14: 156.3 | AL14: =(AK14-AK13)/AK13 -> 0.00643915 | AM14: 163.6 | AN14: =(AM14-AM13)/AM13 -> 0.0092535472 | AO14: 164.2 | AP14: =(AO14-AO13)/AO13 -> 0.0098400984 | AQ14: 158.4 | AR14: =(AQ14-AQ13)/AQ13 -> 0.0057142857 | AS14: 169.1 | AT14: =(AS14-AS13)/AS13 -> 0.0041567696 | AU14: 155.7 | AV14: =(AU14-AU13)/AU13 -> 0.011038961 | AW14: 158.6 | AX14: =(AW14-AW13)/AW13 -> 0.0057070387 | AY14: 163.9 | AZ14: =(AY14-AY13)/AY13 -> 0.0012217471 | BA14: 160.8 | BB14: =(BA14-BA13)/BA13 -> 0.005 | BC14: 161 | BD14: =(BC14-BC13)/BC13 -> 0.00625
A15: 2021 | B15: November | C15: 80.64 | D15: =(C15-C14)/C14 -> -0.017902813 | G15: 2021 | H15: November | I15: 148.2 | J15: =(I15-I14)/I14 -> 0.0054274084 | K15: 201.6 | L15: =(K15-K14)/K14 -> -0.014662757 | M15: 173 | N15: =(M15-M14)/M14 -> 0.010514019 | O15: 159.3 | P15: =(O15-O14)/O14 -> 0.0037807183 | Q15: 190.1 | R15: =(Q15-Q14)/Q14 -> -0.0026232949 | S15: 156.5 | T15: =(S15-S14)/S14 -> 0.0051380861 | U15: 199.2 | V15: =(U15-U14)/U14 -> 0.075013492 | W15: 165.3 | X15: =(W15-W14)/W14 -> 0.00060532688 | Y15: 122.4 | Z15: =(Y15-Y14)/Y15 -> 0.0040849673 | AA15: 169.6 | AB15: =(AA15-AA14)/AA14 -> 0.0017720024 | AC15: 163.7 | AD15: =(AC15-AC14)/AC14 -> 0.0030637255 | AE15: 175.5 | AF15: =(AE15-AE14)/AE14 -> 0.0045792788 | AG15: 192.9 | AH15: =(AG15-AG14)/AG14 -> 0.0010378827 | AI15: 167.2 | AJ15: =(AI15-AI14)/AI14 -> 0.0090525045 | AK15: 157.4 | AL15: =(AK15-AK14)/AK14 -> 0.0070377479 | AM15: 164.2 | AN15: =(AM15-AM14)/AM14 -> 0.0036674817 | AO15: 163.9 | AP15: =(AO15-AO14)/AO14 -> -0.0018270402 | AQ15: 159.3 | AR15: =(AQ15-AQ14)/AQ14 -> 0.0056818182 | AS15: 169.9 | AT15: =(AS15-AS14)/AS14 -> 0.0047309284 | AU15: 154.8 | AV15: =(AU15-AU14)/AU14 -> -0.0057803468 | AW15: 159.8 | AX15: =(AW15-AW14)/AW14 -> 0.0075662043 | AY15: 164.3 | AZ15: =(AY15-AY14)/AY14 -> 0.0024405125 | BA15: 162.2 | BB15: =(BA15-BA14)/BA14 -> 0.0087064677 | BC15: 161.4 | BD15: =(BC15-BC14)/BC14 -> 0.002484472
A16: 2021 | B16: December | C16: 73.3 | D16: =(C16-C15)/C15 -> -0.091021825 | G16: 2021 | H16: December | I16: 148.7 | J16: =(I16-I15)/I15 -> 0.0033738192 | K16: 198.8 | L16: =(K16-K15)/K15 -> -0.013888889 | M16: 177.9 | N16: =(M16-M15)/M15 -> 0.028323699 | O16: 159.9 | P16: =(O16-O15)/O15 -> 0.0037664783 | Q16: 187.6 | R16: =(Q16-Q15)/Q15 -> -0.013150973 | S16: 154.9 | T16: =(S16-S15)/S15 -> -0.010223642 | U16: 188.3 | V16: =(U16-U15)/U15 -> -0.054718876 | W16: 164.4 | X16: =(W16-W15)/W15 -> -0.0054446461 | Y16: 121 | Z16: =(Y16-Y15)/Y16 -> -0.011570248 | AA16: 170.5 | AB16: =(AA16-AA15)/AA15 -> 0.0053066038 | AC16: 164.2 | AD16: =(AC16-AC15)/AC15 -> 0.0030543677 | AE16: 176.5 | AF16: =(AE16-AE15)/AE15 -> 0.0056980057 | AG16: 192.4 | AH16: =(AG16-AG15)/AG15 -> -0.0025920166 | AI16: 168.5 | AJ16: =(AI16-AI15)/AI15 -> 0.0077751196 | AK16: 158.7 | AL16: =(AK16-AK15)/AK15 -> 0.0082592122 | AM16: 163.4 | AN16: =(AM16-AM15)/AM15 -> -0.0048721072 | AO16: 164.1 | AP16: =(AO16-AO15)/AO15 -> 0.0012202563 | AQ16: 160.2 | AR16: =(AQ16-AQ15)/AQ15 -> 0.0056497175 | AS16: 170.6 | AT16: =(AS16-AS15)/AS15 -> 0.0041200706 | AU16: 155.7 | AV16: =(AU16-AU15)/AU15 -> 0.0058139535 | AW16: 160.6 | AX16: =(AW16-AW15)/AW15 -> 0.0050062578 | AY16: 164.4 | AZ16: =(AY16-AY15)/AY15 -> 0.00060864273 | BA16: 162.6 | BB16: =(BA16-BA15)/BA15 -> 0.0024660912 | BC16: 162 | BD16: =(BC16-BC15)/BC15 -> 0.0037174721
A17: 2022 | B17: January | C17: 84.67 | D17: =(C17-C16)/C16 -> 0.15511596 | G17: 2022 | H17: January | I17: 149.5 | J17: =(I17-I16)/I16 -> 0.0053799597 | K17: 198.7 | L17: =(K17-K16)/K16 -> -0.00050301811 | M17: 178.8 | N17: =(M17-M16)/M16 -> 0.0050590219 | O17: 160.5 | P17: =(O17-O16)/O16 -> 0.0037523452 | Q17: 184.7 | R17: =(Q17-Q16)/Q16 -> -0.015458422 | S17: 153.7 | T17: =(S17-S16)/S16 -> -0.0077469335 | U17: 174.3 | V17: =(U17-U16)/U16 -> -0.074349442 | W17: 163.9 | X17: =(W17-W16)/W16 -> -0.0030413625 | Y17: 120 | Z17: =(Y17-Y16)/Y17 -> -0.0083333333 | AA17: 172.1 | AB17: =(AA17-AA16)/AA16 -> 0.0093841642 | AC17: 164.3 | AD17: =(AC17-AC16)/AC16 -> 0.0006090134 | AE17: 177.3 | AF17: =(AE17-AE16)/AE16 -> 0.0045325779 | AG17: 192.2 | AH17: =(AG17-AG16)/AG16 -> -0.001039501 | AI17: 169.9 | AJ17: =(AI17-AI16)/AI16 -> 0.0083086053 | AK17: 160.7 | AL17: =(AK17-AK16)/AK16 -> 0.012602394 | AM17: 164.5 | AN17: =(AM17-AM16)/AM16 -> 0.0067319461 | AO17: 164.2 | AP17: =(AO17-AO16)/AO16 -> 0.00060938452 | AQ17: 161.1 | AR17: =(AQ17-AQ16)/AQ16 -> 0.0056179775 | AS17: 171.4 | AT17: =(AS17-AS16)/AS16 -> 0.0046893318 | AU17: 156.5 | AV17: =(AU17-AU16)/AU16 -> 0.0051380861 | AW17: 161.2 | AX17: =(AW17-AW16)/AW16 -> 0.00373599 | AY17: 164.7 | AZ17: =(AY17-AY16)/AY16 -> 0.0018248175 | BA17: 163 | BB17: =(BA17-BA16)/BA16 -> 0.0024600246 | BC17: 162.7 | BD17: =(BC17-BC16)/BC16 -> 0.0043209877
... A33: 2023 | B33: May | C33: 74.98 | D33: =(C33-C32)/C32 -> -0.1048233 | G33: 2023 | H33: May | I33: 173.7 | J33: =(I33-I32)/I32 -> -0.00057537399 | K33: 214.3 | L33: =(K33-K32)/K32 -> 0.023889154 | M33: 173.2 | N33: =(M33-M32)/M32 -> 0.021226415 | O33: 179.5 | P33: =(O33-O32)/O32 -> 0.0061659193 | Q33: 170 | R33: =(Q33-Q32)/Q32 -> -0.028016009 | S33: 172.2 | T33: =(S33-S32)/S32 -> -0.023255814 | U33: 161 | V33: =(U33-U32)/U32 -> 0.036036036 | W33: 175.6 | X33: =(W33-W32)/W32 -> 0.012687428 | Y33: 122.7 | Z33: =(Y33-Y32)/Y33 -> 0.011409943 | AA33: 218 | AB33: =(AA33-AA32)/AA32 -> 0.023954908 | AC33: 173.4 | AD33: =(AC33-AC32)/AC32 -> 0.002891845 | AE33: 194.2 | AF33: =(AE33-AE32)/AE32 -> 0.0036175711 | AG33: 201 | AH33: =(AG33-AG32)/AG32 -> 0.0019940179 | AI33: 187.3 | AJ33: =(AI33-AI32)/AI32 -> 0.0021401819 | AK33: 179.7 | AL33: =(AK33-AK32)/AK32 -> 0.0027901786 | AM33: 175.6 | AN33: =(AM33-AM32)/AM32 -> 0.002283105 | AO33: 182.8 | AP33: =(AO33-AO32)/AO32 -> 0.0060539351 | AQ33: 175.2 | AR33: =(AQ33-AQ32)/AQ32 -> 0.0034364261 | AS33: 185.7 | AT33: =(AS33-AS32)/AS32 -> 0.0037837838 | AU33: 164.8 | AV33: =(AU33-AU32)/AU32 -> 0.0018237082 | AW33: 171.2 | AX33: =(AW33-AW32)/AW32 -> 0.0029291154 | AY33: 177.1 | AZ33: =(AY33-AY32)/AY32 -> 0.003968254 | BA33: 185.2 | BB33: =(BA33-BA32)/BA32 -> 0.0065217391 | BC33: 175.7 | BD33: =(BC33-BC32)/BC32 -> 0.004
J34: =CORREL($D$6:$D$33,J6:J33) -> -0.22121197 | L34: =CORREL($D$6:$D$33,L6:L33) -> 0.38920514 | N34: =CORREL($D$6:$D$33,N6:N33) -> -0.22572465 | P34: =CORREL($D$6:$D$33,P6:P33) -> -0.24658565 | R34: =CORREL($D$6:$D$33,R6:R33) -> 0.38881525 | T34: =CORREL($D$6:$D$33,T6:T33) -> 0.058590786 | V34: =CORREL($D$6:$D$33,V6:V33) -> 0.043946003 | X34: =CORREL($D$6:$D$33,X6:X33) -> -0.19857532 | Z34: =CORREL($D$6:$D$33,Z6:Z33) -> -0.18269087 | AB34: =CORREL($D$6:$D$33,AB6:AB33) -> -0.16535318 | AD34: =CORREL($D$6:$D$33,AD6:AD33) -> 0.16747978 | AF34: =CORREL($D$6:$D$33,AF6:AF33) -> 0.10848488 | AH34: =CORREL($D$6:$D$33,AH6:AH33) -> 0.15737929 | AJ34: =CORREL($D$6:$D$33,AJ6:AJ33) -> 0.11791023 | AL34: =CORREL($D$6:$D$33,AL6:AL33) -> 0.18232203 | AN34: =CORREL($D$6:$D$33,AN6:AN33) -> 0.15362362 | AP34: =CORREL($D$6:$D$33,AP6:AP33) -> 0.11322535 | AR34: =CORREL($D$6:$D$33,AR6:AR33) -> 0.015694056 | AT34: =CORREL($D$6:$D$33,AT6:AT33) -> 0.077879864 | AV34: =CORREL($D$6:$D$33,AV6:AV33) -> 0.10187635 | AX34: =CORREL($D$6:$D$33,AX6:AX33) -> 0.12748848 | AZ34: =CORREL($D$6:$D$33,AZ6:AZ33) -> -0.11940995 | BB34: =CORREL($D$6:$D$33,BB6:BB33) -> 0.018184134 | BD34: =CORREL($D$6:$D$33,BD6:BD33) -> 0.085051467
A36: Recommendation : The month-on-month analysis shows that inflation reached its highest increase in June 2022 at 1.03%, while February 2023 recorded the lowest change at -0.59%. Monitoring monthly inflation movements helps identify short-term price fluctuations and changing inflation patterns.
A40: Category | B40: Correlation Value
A41: Cereals and products | B41: -0.22121197
A42: Meat and fish | B42: 0.38920514
A43: Egg | B43: -0.22572465
A44: Milk and products | B44: -0.24658565
A45: Oils and fats | B45: 0.38881525
A46: Fruits | B46: 0.058590786
A47: Vegetables | B47: 0.043946003
A48: Pulses and products | B48: -0.19857532
A49: Sugar and Confectionery | B49: -0.18269087
A50: Spices | B50: -0.16535318
A51: Non-alcoholic beverages | B51: 0.16747978
A52: Prepared meals, snacks, sweets etc. | B52: 0.10848488
... A64: Miscellaneous | B64: 0.085051467
A66: Recommendation : Meat and fish and Oils and fats showed the highest positive correlation with imported oil price fluctuations, with a correlation value of 0.39. Monitoring oil price movements along with related CPI categories helps understand potential impacts on inflation trends.

Sheet Conclusion
A1: STAR Method – CPI Inflation Analysis Project
A3: S – Situation (Project Background)
A4: Analysed India's CPI inflation trends using historical CPI data.
A5: The objective was to understand inflation movement across different categories and identify major factors affecting inflation.
A7: T – Task (My Objective)
A8: Analyse CPI data to identify major inflation drivers.
A9: Study category contribution, yearly inflation trends, and monthly price movements.
A10: Understand the impact of COVID-19 and imported oil price fluctuations on CPI categories.
A12: A – Action (Steps Performed)
A13: Analysed category-wise CPI contribution to identify major contributors to inflation.
A14: Calculated and compared yearly inflation trends.
A15: Performed month-on-month inflation analysis to understand short-term price changes.
... A29: Generated insights to understand how different economic factors influenced inflation trends.
